evid,evname,lat,lon,depth,UTCtime,mb,ms,ml
121894,201801070657.0,33.0657,35.6186,0.0,2018-01-07 06:58:51.110,,1.0,
121907,201801150916.0,33.1112,35.6163,11.7266,2018-01-15 09:17:19.730,,1.5,
121909,201801161656.0,32.9988,35.6644,5.178,2018-01-16 16:57:17.330,,0.8,
121922,201801250827.0,33.3802,35.8379,6.9636,2018-01-25 08:28:39.630,,1.6,
121928,201801271543.0,33.0751,35.6003,13.5364,2018-01-27 15:44:59.520,,1.2,
121937,201802022302.0,33.07,35.6232,0.0,2018-02-02 23:04:02.610,,0.3,
121983,201802261330.0,33.2198,35.483,8.8595,2018-02-26 13:32:47.900,,1.0,
121984,201802261503.0,33.206,35.4928,11.8897,2018-02-26 15:04:37.450,,1.7,1.5
121989,201803010942.0,33.3312,35.6128,5.5038,2018-03-01 09:44:21.850,,1.1,
121992,201803020408.0,33.0148,35.5671,3.0241,2018-03-02 04:10:22.480,,0.8,
121998,201803070853.0,32.9907,35.6423,15.1372,2018-03-07 08:54:37.260,,1.2,
122006,201803140415.0,33.2892,35.8036,14.6127,2018-03-14 04:15:42.060,,1.6,
122015,201803200712.0,33.2634,35.591,2.0469,2018-03-20 07:14:02.510,,1.6,
122022,201803221722.0,32.9972,35.6114,14.5798,2018-03-22 17:23:00.490,,0.8,
122033,201803301808.0,32.8457,35.5845,0.3943,2018-03-30 18:10:33.030,,1.6,
122045,201804010015.0,33.2043,35.6974,8.2873,2018-04-01 00:17:41.210,,1.2,
122047,201804032212.0,32.9615,35.6345,22.2641,2018-04-03 22:14:06.650,,1.1,
122049,201804051743.0,33.1069,35.6106,19.2904,2018-04-05 17:43:57.430,,1.2,
122068,201804180940.0,33.1278,35.6484,0.1955,2018-04-18 09:41:50.900,,1.5,
122070,201804190541.0,32.9344,35.6358,23.2321,2018-04-19 05:42:48.760,,1.5,
122073,201804201702.0,32.9261,35.6293,15.7812,2018-04-20 17:04:15.620,,1.6,
122077,201804240101.0,32.9033,35.5622,0.4764,2018-04-24 01:02:55.650,,1.6,
122078,201804261418.0,32.9989,35.5902,0.0,2018-04-26 14:20:01.760,,0.9,
122079,201804272142.0,32.5359,35.5538,21.9825,2018-04-27 21:43:30.430,,1.5,
122089,201804301810.0,33.2094,35.4829,13.742,2018-04-30 18:11:06.850,,1.1,
122090,201805020409.0,33.1469,35.7125,6.6082,2018-05-02 04:11:18.250,,1.3,
122097,201805041445.0,33.1643,35.4224,0.0,2018-05-04 14:47:47.380,,0.9,
122102,201805050505.0,33.0874,35.6209,15.5278,2018-05-05 05:07:06.030,,1.3,
122103,201805050506.0,33.0627,35.6214,8.6956,2018-05-05 05:08:05.020,,1.2,
122125,201805102141.0,32.9744,35.3772,6.4345,2018-05-10 21:43:06.900,,0.7,
122129,201805131905.0,32.9774,35.6353,23.4118,2018-05-13 19:06:07.230,,0.9,
122136,201805152314.0,33.246,35.4311,16.1241,2018-05-15 23:16:11.260,,0.8,
122138,201805160808.0,33.0056,35.6248,19.749,2018-05-16 08:10:04.960,,1.4,
122144,201805181542.0,33.3442,35.6647,7.2831,2018-05-18 15:44:21.670,,2.1,1.9
122147,201805191405.0,33.1889,35.6038,18.5071,2018-05-19 14:06:47.320,,2.0,1.7
122164,201805252338.0,32.8321,35.5505,15.4149,2018-05-25 23:39:46.050,,1.2,
122166,201805272313.0,32.8829,35.5715,0.4835,2018-05-27 23:14:20.180,,1.1,
122169,201805280311.0,32.871,35.5849,0.0,2018-05-28 03:13:09.080,,1.8,
122173,201805291705.0,32.8727,35.583,0.0,2018-05-29 17:07:39.580,,1.5,
122178,201806012044.0,33.0607,35.7105,19.329,2018-06-01 20:45:52.230,,1.0,
122180,201806020828.0,32.997,35.5588,1.0501,2018-06-02 08:30:19.280,,1.6,1.3
122186,201806071406.0,32.9413,35.622,16.2262,2018-06-07 14:08:04.260,,1.9,1.8
122188,201806072346.0,32.6242,35.6212,4.473,2018-06-07 23:47:19.550,,3.0,3.2
122195,201806090228.0,32.6172,35.6239,4.7671,2018-06-09 02:29:16.220,,2.0,1.8
122196,201806090326.0,32.6275,35.6149,20.4689,2018-06-09 03:28:16.850,,1.5,
122210,201806140044.0,32.6038,35.591,0.4323,2018-06-14 00:46:06.410,,1.3,
122211,201806140644.0,33.2335,35.7246,1.4511,2018-06-14 06:46:02.750,,1.6,
122212,201806141047.0,32.5984,35.3018,7.2816,2018-06-14 10:49:15.410,,1.7,
122214,201806151118.0,32.5926,35.602,0.0,2018-06-15 11:19:15.890,,1.6,1.4
122216,201806151556.0,32.5808,35.6185,7.1187,2018-06-15 15:58:33.600,,1.1,
122217,201806151656.0,33.1824,35.5937,9.8667,2018-06-15 16:58:45.510,,0.9,
122220,201806171333.0,32.9716,35.6084,11.9732,2018-06-17 13:35:03.590,,1.3,
122223,201806182142.0,33.1064,35.7228,10.4189,2018-06-18 21:43:30.500,,0.5,
122228,201806211445.0,33.2625,35.5886,0.0557,2018-06-21 14:47:44.780,,1.6,
122233,201806222349.0,32.915,35.4019,5.3877,2018-06-22 23:51:46.810,,0.9,
122235,201806230756.0,32.7881,35.3645,19.7224,2018-06-23 07:58:34.960,,1.3,
122239,201806272050.0,32.9254,35.6278,19.6366,2018-06-27 20:51:42.230,,1.1,
122246,201807020558.0,32.8742,35.5912,9.0628,2018-07-02 05:59:34.980,,2.3,2.0
122247,201807020609.0,32.8542,35.5915,10.5674,2018-07-02 06:10:59.650,,1.7,
122249,201807040148.0,32.862,35.576,9.1491,2018-07-04 01:50:07.040,,4.2,
122250,201807040153.0,32.8607,35.5815,10.3499,2018-07-04 01:54:26.530,,2.0,
122251,201807040156.0,32.8564,35.569,8.6059,2018-07-04 01:58:13.890,,3.0,3.2
122252,201807040248.0,32.8534,35.579,6.5712,2018-07-04 02:49:51.520,,1.9,
122253,201807040320.0,32.8319,35.579,0.0,2018-07-04 03:21:44.930,,1.7,
122254,201807040337.0,32.8488,35.5826,5.316,2018-07-04 03:39:27.520,,1.9,
122255,201807040339.0,32.8525,35.5854,6.5249,2018-07-04 03:41:21.860,,2.1,
122256,201807040350.0,32.8639,35.5768,7.7195,2018-07-04 03:52:00.270,,3.9,
122257,201807040357.0,32.8555,35.5714,6.0534,2018-07-04 03:57:39.720,,3.0,
122258,201807040407.0,32.8441,35.5892,0.8222,2018-07-04 04:08:30.170,,1.7,1.5
122259,201807040412.0,32.8612,35.5722,6.1522,2018-07-04 04:13:46.130,,1.9,1.9
122260,201807040418.0,32.8712,35.575,6.9908,2018-07-04 04:19:17.970,,2.6,2.7
122261,201807040422.0,32.856,35.5864,0.0302,2018-07-04 04:23:38.040,,1.1,
122262,201807040426.0,32.8614,35.5513,5.2874,2018-07-04 04:27:17.660,,1.3,1.2
122263,201807040433.0,32.8588,35.5657,4.6647,2018-07-04 04:35:08.410,,1.4,
122264,201807040438.0,32.8683,35.5801,6.285,2018-07-04 04:39:33.380,,1.5,
122265,201807040502.0,32.845,35.5861,0.0,2018-07-04 05:04:31.240,,1.8,
122266,201807040503.0,32.8574,35.564,5.3127,2018-07-04 05:05:22.220,,1.7,
122267,201807040511.0,32.8644,35.578,7.7455,2018-07-04 05:12:08.490,,1.4,
122268,201807040521.0,32.8575,35.5754,5.9426,2018-07-04 05:22:37.620,,2.4,2.3
122269,201807040530.0,32.8537,35.5786,6.6165,2018-07-04 05:31:29.510,,1.7,
122270,201807040556.0,32.8572,35.5682,8.1016,2018-07-04 05:57:22.740,,3.3,3.3
122271,201807040604.0,32.8457,35.5861,4.9209,2018-07-04 06:06:00.620,,1.5,
122272,201807040606.0,32.8427,35.5685,6.1429,2018-07-04 06:07:34.060,,1.6,
122273,201807040607.0,32.848,35.5757,17.8442,2018-07-04 06:08:58.130,,1.3,
122274,201807040616.0,32.8569,35.5785,6.5949,2018-07-04 06:16:50.060,,1.7,1.5
122275,201807040650.0,32.8604,35.5819,0.495,2018-07-04 06:52:45.710,,1.5,
122276,201807040705.0,32.8545,35.5643,6.1161,2018-07-04 07:07:32.950,,1.5,
122277,201807040728.0,32.8584,35.5588,0.4241,2018-07-04 07:30:39.960,,1.4,
122278,201807040753.0,32.844,35.5652,13.3994,2018-07-04 07:54:43.520,,1.5,
122279,201807040858.0,32.8814,35.5851,6.0898,2018-07-04 08:58:55.550,,1.9,1.7
122280,201807040902.0,32.863,35.5725,5.8334,2018-07-04 09:04:15.900,,1.9,1.7
122281,201807041050.0,32.8603,35.5745,5.1636,2018-07-04 10:51:55.490,,1.3,1.2
122282,201807041114.0,32.8573,35.5792,0.0,2018-07-04 11:16:31.490,,1.1,
122283,201807041157.0,32.8417,35.5723,0.8517,2018-07-04 11:59:00.660,,1.8,1.8
122284,201807041227.0,32.852,35.5781,7.0772,2018-07-04 12:29:07.350,,2.1,1.9
122285,201807041244.0,32.8468,35.5919,0.8471,2018-07-04 12:48:52.540,,1.1,
122287,201807041714.0,32.8697,35.591,6.1111,2018-07-04 17:16:31.750,,1.8,1.6
122288,201807041715.0,32.858,35.5683,4.0346,2018-07-04 17:17:10.990,,1.2,
122289,201807041733.0,32.8696,35.5795,6.3679,2018-07-04 17:35:10.280,,2.0,2.0
122290,201807041812.0,32.862,35.5549,10.3369,2018-07-04 18:13:52.280,,1.2,
122291,201807041827.0,32.8712,35.5744,5.8718,2018-07-04 18:28:38.800,,1.7,1.7
122292,201807041833.0,32.8599,35.5442,5.1843,2018-07-04 18:35:22.610,,1.0,
122293,201807041836.0,32.845,35.5699,7.7043,2018-07-04 18:37:02.960,,1.2,
122294,201807041843.0,32.8589,35.5605,0.1029,2018-07-04 18:44:37.650,,1.1,
122295,201807041932.0,32.8688,35.5778,6.4202,2018-07-04 19:33:26.740,,1.8,1.8
122296,201807041944.0,32.8533,35.5718,8.5709,2018-07-04 19:45:39.660,,4.4,
122297,201807041950.0,32.8558,35.5807,8.3213,2018-07-04 19:51:24.490,,2.6,
122298,201807041955.0,32.8499,35.5796,7.063,2018-07-04 19:55:32.780,,1.4,
122299,201807041958.0,32.8704,35.5567,7.3019,2018-07-04 19:59:08.050,,1.6,
122300,201807042003.0,32.8691,35.5823,6.283,2018-07-04 20:04:55.290,,1.5,
122301,201807042007.0,32.8727,35.576,8.1268,2018-07-04 20:08:30.380,,2.3,2.5
122302,201807042013.0,32.8565,35.5872,8.4288,2018-07-04 20:14:57.510,,2.9,3.0
122303,201807042022.0,32.8682,35.5762,1.6518,2018-07-04 20:24:02.530,,1.1,
122304,201807042030.0,32.8704,35.5764,5.8847,2018-07-04 20:33:05.670,,1.3,
122305,201807042031.0,32.839,35.5916,5.8984,2018-07-04 20:33:29.950,,1.4,
122306,201807042041.0,32.8409,35.6024,3.8055,2018-07-04 20:42:14.320,,1.9,1.9
122307,201807042042.0,32.8546,35.5597,0.0538,2018-07-04 20:43:20.230,,0.9,
122308,201807042045.0,32.8758,35.5805,4.8868,2018-07-04 20:46:16.200,,1.4,
122309,201807042050.0,32.8577,35.5835,0.1318,2018-07-04 20:51:29.180,,1.2,
122310,201807042055.0,32.844,35.5726,0.0,2018-07-04 20:56:45.330,,1.4,
122311,201807042102.0,32.8492,35.5808,6.5937,2018-07-04 21:02:54.700,,1.7,
122312,201807042107.0,32.8582,35.5806,6.7792,2018-07-04 21:09:13.480,,1.7,
122313,201807042109.0,32.8593,35.5937,0.0,2018-07-04 21:10:19.950,,1.0,
122314,201807042114.0,32.8692,35.5837,6.2582,2018-07-04 21:16:21.900,,1.5,
122315,201807042115.0,32.8741,35.5777,6.7401,2018-07-04 21:16:57.590,,1.8,1.8
122317,201807042126.0,32.8565,35.5762,5.0321,2018-07-04 21:27:02.520,,1.4,
122318,201807042131.0,32.8437,35.5905,6.4941,2018-07-04 21:32:41.170,,1.6,1.6
122319,201807042136.0,32.8864,35.5793,6.9637,2018-07-04 21:38:19.090,,1.3,
122320,201807042148.0,32.8742,35.5714,6.2491,2018-07-04 21:49:26.690,,3.3,3.4
122321,201807042150.0,32.8638,35.5924,4.0545,2018-07-04 21:52:26.040,,1.8,
122322,201807042202.0,32.8742,35.5905,4.3623,2018-07-04 22:03:51.360,,1.5,
122323,201807042212.0,32.8458,35.5838,5.5384,2018-07-04 22:14:21.390,,1.7,
122324,201807042216.0,32.8531,35.5723,7.6099,2018-07-04 22:17:38.230,,1.4,
122325,201807042217.0,32.841,35.5833,0.0,2018-07-04 22:18:48.500,,1.4,
122326,201807042221.0,32.8668,35.5761,6.3981,2018-07-04 22:22:14.400,,1.7,1.7
122327,201807042227.0,32.832,35.6026,4.9857,2018-07-04 22:30:04.910,,1.3,
122328,201807042235.0,32.847,35.581,5.7069,2018-07-04 22:36:03.470,,1.4,
122329,201807042238.0,32.8625,35.5805,7.0899,2018-07-04 22:40:06.150,,1.9,1.8
122330,201807042243.0,32.8626,35.5592,5.0749,2018-07-04 22:44:12.620,,1.5,
122331,201807042246.0,32.8563,35.5694,9.6706,2018-07-04 22:48:09.830,,1.1,
122332,201807042300.0,32.8375,35.5682,0.4865,2018-07-04 23:01:25.580,,1.7,1.6
122333,201807042302.0,32.8704,35.5874,4.2997,2018-07-04 23:03:38.830,,1.2,
122334,201807042303.0,32.8416,35.5706,5.8418,2018-07-04 23:04:49.470,,0.9,
122335,201807042323.0,32.8717,35.5915,6.0508,2018-07-04 23:25:52.040,,1.5,
122336,201807042328.0,32.8589,35.5614,6.0165,2018-07-04 23:29:44.630,,1.4,
122337,201807042344.0,32.8502,35.5772,3.9486,2018-07-04 23:45:42.420,,1.5,
122338,201807042347.0,32.8209,35.5735,9.4778,2018-07-04 23:48:57.950,,1.0,
122339,201807050010.0,32.8406,35.5518,0.3084,2018-07-05 00:12:12.390,,1.0,
122340,201807050026.0,32.8643,35.5664,4.2998,2018-07-05 00:27:58.360,,1.3,
122341,201807050027.0,32.8712,35.5918,6.8184,2018-07-05 00:30:16.520,,1.5,
122342,201807050033.0,32.8579,35.5662,4.9275,2018-07-05 00:35:07.700,,1.3,
122343,201807050036.0,32.8722,35.5818,5.8389,2018-07-05 00:38:32.710,,1.6,
122344,201807050041.0,32.8254,35.5638,0.0829,2018-07-05 00:43:06.120,,1.1,
122345,201807050042.0,32.8401,35.5642,1.7972,2018-07-05 00:44:05.680,,1.1,
122346,201807050049.0,32.8196,35.5897,0.0,2018-07-05 00:51:11.950,,1.5,
122347,201807050053.0,32.8435,35.5783,6.3587,2018-07-05 00:54:28.510,,1.4,
122348,201807050054.0,32.8478,35.5862,0.7171,2018-07-05 00:55:05.100,,1.9,1.8
122349,201807050058.0,32.843,35.6063,6.1762,2018-07-05 00:59:33.510,,1.4,
122350,201807050115.0,32.8596,35.5976,0.1718,2018-07-05 01:18:09.830,,1.5,
122351,201807050117.0,32.8299,35.5526,9.3385,2018-07-05 01:19:01.710,,1.3,
122352,201807050118.0,32.8287,35.5887,1.3372,2018-07-05 01:19:53.800,,1.4,
122353,201807050123.0,32.8329,35.5725,0.0,2018-07-05 01:24:47.370,,2.1,2.0
122354,201807050130.0,32.8337,35.5983,0.0,2018-07-05 01:31:57.390,,1.2,
122355,201807050133.0,32.8147,35.5753,0.0762,2018-07-05 01:35:39.130,,1.2,
122356,201807050145.0,32.8288,35.6013,2.3126,2018-07-05 01:46:58.910,,1.6,
122357,201807050147.0,32.872,35.5817,1.1676,2018-07-05 01:49:38.330,,1.6,
122358,201807050211.0,32.829,35.5888,1.1782,2018-07-05 02:12:55.170,,1.7,
122359,201807050213.0,32.8493,35.6001,2.0403,2018-07-05 02:15:27.080,,1.7,
122360,201807050222.0,32.856,35.5775,1.7602,2018-07-05 02:24:19.000,,1.7,
122361,201807050257.0,32.816,35.5759,0.0,2018-07-05 02:59:17.980,,1.4,
122362,201807050332.0,32.8462,35.5862,26.854,2018-07-05 03:34:07.300,,1.4,
122363,201807050347.0,32.8186,35.5965,1.0304,2018-07-05 03:49:05.590,,1.7,
122364,201807050358.0,32.8392,35.5889,5.2518,2018-07-05 04:00:03.960,,2.4,2.4
122365,201807050408.0,32.8262,35.5703,4.3867,2018-07-05 04:10:29.700,,1.5,1.3
122366,201807050412.0,32.8055,35.5793,5.3891,2018-07-05 04:13:34.810,,1.6,
122367,201807050416.0,32.851,35.5619,0.1335,2018-07-05 04:17:43.630,,1.6,
122368,201807050418.0,32.8408,35.5771,0.4466,2018-07-05 04:19:51.420,,1.7,
122369,201807050429.0,32.8654,35.5799,0.005,2018-07-05 04:30:25.210,,2.1,2.1
122370,201807050453.0,32.8343,35.5765,3.8577,2018-07-05 04:55:11.550,,1.6,1.6
122371,201807050503.0,32.834,35.5724,0.378,2018-07-05 05:04:45.600,,1.8,1.8
122372,201807050529.0,32.8481,35.5683,0.3856,2018-07-05 05:31:23.870,,1.5,
122373,201807050624.0,32.8484,35.5526,0.3985,2018-07-05 06:25:30.580,,1.5,
122374,201807050707.0,32.827,35.5737,2.8686,2018-07-05 07:08:23.500,,2.3,2.2
122375,201807050710.0,32.8523,35.5793,0.3259,2018-07-05 07:11:48.560,,1.8,1.7
122376,201807050721.0,32.8338,35.5585,0.0,2018-07-05 07:23:40.510,,1.3,
122377,201807050740.0,32.8207,35.5854,11.2875,2018-07-05 07:42:25.530,,1.2,
122378,201807050828.0,32.8262,35.5783,0.6436,2018-07-05 08:29:53.910,,2.3,2.2
122379,201807050831.0,32.8553,35.5774,0.1848,2018-07-05 08:33:16.530,,1.6,
122381,201807050849.0,32.8582,35.5693,0.2506,2018-07-05 08:51:32.340,,1.6,1.5
122382,201807050901.0,32.8738,35.58,6.3326,2018-07-05 09:02:54.740,,2.5,2.4
122383,201807050913.0,32.8286,35.5753,0.4916,2018-07-05 09:14:07.180,,1.6,
122384,201807050930.0,32.8437,35.5724,0.0,2018-07-05 09:32:20.870,,1.2,
122385,201807050939.0,32.8334,35.5826,0.0,2018-07-05 09:40:59.020,,2.4,2.3
122386,201807050953.0,32.858,35.5832,10.9697,2018-07-05 09:54:42.180,,1.2,
122387,201807051003.0,32.8543,35.5748,7.2671,2018-07-05 10:04:30.630,,2.9,2.9
122388,201807051020.0,32.8392,35.5688,0.0,2018-07-05 10:21:20.230,,1.8,1.7
122389,201807051022.0,32.8377,35.5795,0.2949,2018-07-05 10:23:16.810,,1.5,1.2
122391,201807051043.0,32.8335,35.5882,0.0,2018-07-05 10:43:40.960,,1.5,1.2
122392,201807051044.0,32.8051,35.5675,0.0,2018-07-05 10:45:37.920,,1.4,
122393,201807051114.0,32.8267,35.5873,0.1884,2018-07-05 11:16:31.370,,1.8,1.7
122394,201807051303.0,32.8364,35.5653,0.0,2018-07-05 13:05:37.380,,1.3,
122395,201807051444.0,32.8313,35.5909,0.7431,2018-07-05 14:46:11.580,,1.0,
122397,201807051509.0,32.8705,35.5809,1.2178,2018-07-05 15:11:10.530,,1.5,
122398,201807051510.0,32.8298,35.6008,3.9228,2018-07-05 15:12:42.180,,1.9,1.8
122399,201807051637.0,32.8779,35.5748,1.481,2018-07-05 16:39:14.850,,1.4,
122400,201807051650.0,32.8325,35.5753,0.0,2018-07-05 16:51:36.990,,2.2,2.0
122401,201807051719.0,32.8499,35.5908,0.0,2018-07-05 17:21:28.130,,1.4,
122402,201807051746.0,32.8209,35.5971,6.5852,2018-07-05 17:48:31.330,,1.4,
122403,201807051828.0,32.8269,35.5878,4.6341,2018-07-05 18:29:20.010,,1.8,1.9
122404,201807051834.0,32.8481,35.5677,6.273,2018-07-05 18:36:41.040,,1.3,
122405,201807051942.0,32.8493,35.5658,0.0,2018-07-05 19:43:55.200,,2.0,2.0
122406,201807052018.0,32.8297,35.5906,0.0,2018-07-05 20:20:13.060,,1.5,
122407,201807052030.0,32.861,35.5728,1.9754,2018-07-05 20:32:23.890,,1.5,
122408,201807052039.0,32.8345,35.5695,0.0802,2018-07-05 20:41:06.370,,1.9,2.1
122409,201807052043.0,32.827,35.5801,0.5685,2018-07-05 20:44:40.490,,1.9,1.7
122410,201807052044.0,32.8234,35.5817,6.8019,2018-07-05 20:46:05.400,,1.3,
122411,201807052102.0,32.8402,35.5972,17.7669,2018-07-05 21:04:08.840,,0.9,
122412,201807052106.0,32.8468,35.588,0.4329,2018-07-05 21:08:30.840,,1.4,
122413,201807052225.0,32.8496,35.5755,0.0,2018-07-05 22:27:27.390,,1.6,
122414,201807052241.0,32.8592,35.5762,0.0,2018-07-05 22:43:03.130,,1.5,
122415,201807052251.0,32.8611,35.5895,0.0,2018-07-05 22:53:28.160,,1.5,
122416,201807052319.0,32.8716,35.5712,7.8948,2018-07-05 23:20:38.840,,2.7,3.0
122417,201807052339.0,32.8494,35.5868,0.2769,2018-07-05 23:41:26.910,,1.5,
122418,201807052348.0,32.8321,35.5958,0.0166,2018-07-05 23:50:02.020,,1.5,
122419,201807052355.0,32.8672,35.5734,0.0,2018-07-05 23:56:56.650,,2.1,2.1
122420,201807060031.0,32.867,35.5719,6.7174,2018-07-06 00:33:05.480,,1.5,
122421,201807060036.0,32.8522,35.5596,6.2432,2018-07-06 00:36:06.450,,1.3,
122422,201807060053.0,32.8439,35.5599,6.6119,2018-07-06 00:55:10.450,,2.7,2.8
122423,201807060056.0,32.8327,35.5716,5.6301,2018-07-06 00:57:42.700,,1.5,
122424,201807060058.0,32.8405,35.5443,7.7218,2018-07-06 00:59:15.000,,1.0,
122425,201807060100.0,32.8392,35.5624,6.5638,2018-07-06 01:01:05.020,,1.6,
122426,201807060104.0,32.8549,35.5786,0.0,2018-07-06 01:06:10.220,,2.4,2.4
122427,201807060121.0,32.829,35.5736,2.6324,2018-07-06 01:22:40.130,,1.6,
122428,201807060122.0,32.8196,35.5779,1.1413,2018-07-06 01:23:09.390,,1.3,
122429,201807060130.0,32.8387,35.5721,5.632,2018-07-06 01:32:26.360,,1.3,
122430,201807060137.0,32.8497,35.582,8.0988,2018-07-06 01:38:50.100,,2.0,2.0
122431,201807060140.0,32.8618,35.5671,4.5041,2018-07-06 01:40:55.670,,0.9,
122432,201807060159.0,32.8312,35.5796,6.8822,2018-07-06 02:00:06.750,,1.0,
122433,201807060214.0,32.8739,35.5726,6.8828,2018-07-06 02:15:56.060,,1.0,
122434,201807060227.0,32.8485,35.5807,7.6662,2018-07-06 02:28:59.350,,2.0,
122435,201807060241.0,32.8664,35.5603,0.8501,2018-07-06 02:43:08.620,,1.3,
122436,201807060303.0,32.8592,35.5756,6.6704,2018-07-06 03:04:46.460,,1.6,
122437,201807060309.0,32.8553,35.5629,0.8546,2018-07-06 03:10:13.990,,1.2,
122438,201807060337.0,32.8525,35.5499,5.6295,2018-07-06 03:38:26.970,,1.3,
122439,201807060344.0,32.8681,35.5718,7.0597,2018-07-06 03:45:42.860,,1.3,
122441,201807060432.0,32.8981,35.4803,0.0,2018-07-06 04:33:54.010,,1.6,
122442,201807060527.0,32.8607,35.557,5.989,2018-07-06 05:30:19.040,,0.7,
122443,201807060532.0,32.858,35.5692,0.2924,2018-07-06 05:34:37.600,,0.6,
122444,201807060537.0,32.8502,35.5745,0.6389,2018-07-06 05:38:54.230,,2.0,1.9
122445,201807060609.0,32.859,35.5517,6.2427,2018-07-06 06:10:43.970,,1.3,
122446,201807060636.0,32.8706,35.5602,6.2156,2018-07-06 06:37:41.240,,1.3,
122447,201807060833.0,32.8508,35.5635,4.3507,2018-07-06 08:34:18.600,,1.5,
122448,201807060840.0,32.8386,35.5596,0.2104,2018-07-06 08:41:44.810,,1.2,
122449,201807060917.0,32.8469,35.6045,10.4342,2018-07-06 09:19:50.590,,1.3,
122450,201807060937.0,32.8537,35.5679,0.0,2018-07-06 09:38:49.740,,0.5,
122451,201807061007.0,32.8626,35.5746,5.653,2018-07-06 10:08:48.440,,2.2,
122452,201807061103.0,32.861,35.5794,7.1366,2018-07-06 11:04:13.450,,1.7,
122453,201807061148.0,32.8572,35.5853,7.0859,2018-07-06 11:49:18.920,,1.5,
122454,201807061206.0,32.8317,35.5619,6.3986,2018-07-06 12:07:55.210,,1.8,
122455,201807061247.0,32.8384,35.5843,6.4721,2018-07-06 12:48:37.970,,1.5,
122456,201807061254.0,32.8719,35.5727,4.5539,2018-07-06 12:55:26.590,,1.8,1.7
122457,201807061304.0,32.8677,35.5754,5.9362,2018-07-06 13:05:09.560,,1.5,
122458,201807061323.0,32.8687,35.5819,4.4547,2018-07-06 13:24:22.650,,0.8,
122459,201807061324.0,32.8524,35.5692,7.6534,2018-07-06 13:25:32.260,,1.6,
122460,201807061326.0,32.8649,35.5645,7.3085,2018-07-06 13:27:09.830,,1.2,
122461,201807061347.0,32.8518,35.5564,6.436,2018-07-06 13:48:23.530,,1.3,
122462,201807061447.0,32.8574,35.576,4.6483,2018-07-06 14:49:42.200,,1.3,
122463,201807061455.0,32.8605,35.5554,5.0669,2018-07-06 14:56:48.110,,1.3,
122464,201807061502.0,32.8514,35.5625,6.2676,2018-07-06 15:03:43.380,,1.8,1.7
122465,201807061505.0,32.8543,35.5667,4.2352,2018-07-06 15:07:10.120,,0.7,
122466,201807061523.0,32.8655,35.5731,4.0328,2018-07-06 15:24:46.820,,0.9,
122467,201807061532.0,32.8732,35.5754,5.3762,2018-07-06 15:33:54.060,,1.8,
122468,201807061535.0,32.8481,35.5787,4.8198,2018-07-06 15:36:00.470,,1.3,
122469,201807061603.0,32.8657,35.5732,3.5454,2018-07-06 16:04:36.780,,1.2,
122470,201807061615.0,32.8621,35.5674,5.6666,2018-07-06 16:16:03.130,,1.3,
122471,201807061616.0,32.8302,35.5627,2.5057,2018-07-06 16:17:10.940,,0.8,
122472,201807061712.0,32.8685,35.5736,4.758,2018-07-06 17:13:24.170,,2.0,1.9
122473,201807061728.0,32.8661,35.5788,5.3374,2018-07-06 17:29:32.770,,1.3,
122474,201807061731.0,32.8781,35.5811,5.7983,2018-07-06 17:31:45.800,,1.6,1.5
122475,201807061733.0,32.8669,35.5808,5.53,2018-07-06 17:34:38.750,,1.2,
122476,201807061737.0,32.8652,35.5752,3.8486,2018-07-06 17:37:28.680,,1.2,
122477,201807061828.0,32.8693,35.5773,7.1243,2018-07-06 18:28:51.120,,0.9,
122478,201807061829.0,32.8683,35.5797,5.6448,2018-07-06 18:29:55.360,,1.4,
122479,201807061834.0,32.8427,35.5839,2.567,2018-07-06 18:35:38.840,,1.8,1.7
122480,201807061840.0,32.8473,35.5652,5.1452,2018-07-06 18:41:39.590,,1.2,
122481,201807061928.0,32.8606,35.5652,4.4586,2018-07-06 19:28:42.780,,1.2,
122482,201807061935.0,32.861,35.5657,6.2372,2018-07-06 19:36:33.460,,1.3,
122483,201807061958.0,32.8246,35.5882,1.7826,2018-07-06 19:59:50.070,,1.9,1.8
122484,201807061959.0,32.8243,35.5784,2.1335,2018-07-06 20:01:02.970,,1.4,
122485,201807062000.0,32.8355,35.5772,0.0,2018-07-06 20:01:53.450,,1.5,
122486,201807062008.0,32.8662,35.5609,4.2689,2018-07-06 20:09:22.180,,1.1,
122487,201807062018.0,32.8296,35.5821,2.1608,2018-07-06 20:20:38.300,,2.0,
122488,201807062019.0,32.8373,35.59,0.0,2018-07-06 20:20:45.640,,2.3,
122489,201807062029.0,32.8704,35.5741,5.8936,2018-07-06 20:30:15.430,,1.1,
122491,201807062121.0,32.8734,35.5714,0.931,2018-07-06 21:22:05.680,,1.2,
122492,201807062135.0,32.8309,35.5979,3.2238,2018-07-06 21:36:30.020,,1.8,1.6
122494,201807062204.0,32.8722,35.5896,19.0245,2018-07-06 22:05:45.970,,0.9,
122495,201807062219.0,32.8395,35.5768,0.0808,2018-07-06 22:20:38.860,,1.9,1.9
122496,201807062243.0,32.842,35.5853,6.5205,2018-07-06 22:44:44.010,,1.0,
122497,201807062245.0,32.8453,35.5767,6.4162,2018-07-06 22:46:16.700,,1.4,
122498,201807062247.0,32.8453,35.5796,7.2437,2018-07-06 22:48:02.840,,1.3,
122499,201807062253.0,32.8559,35.5831,0.7322,2018-07-06 22:54:46.640,,2.5,2.6
122500,201807062309.0,32.8407,35.5635,4.1938,2018-07-06 23:09:41.670,,0.7,
122501,201807062341.0,32.8745,35.5777,6.3339,2018-07-06 23:42:56.090,,1.6,
122502,201807062342.0,32.8197,35.5826,6.7278,2018-07-06 23:43:47.060,,0.8,
122503,201807062353.0,32.86,35.578,4.6295,2018-07-06 23:54:45.520,,1.3,
122504,201807070136.0,32.8625,35.5779,0.0,2018-07-07 01:38:10.290,,1.2,
122505,201807070206.0,32.8458,35.5937,5.9405,2018-07-07 02:07:45.110,,3.3,
122506,201807070222.0,32.8353,35.5925,0.3965,2018-07-07 02:22:58.100,,1.8,1.6
122507,201807070248.0,32.834,35.5875,0.0,2018-07-07 02:50:25.500,,1.7,1.5
122508,201807070258.0,32.8398,35.5776,2.925,2018-07-07 02:59:55.100,,1.6,1.6
122509,201807070342.0,32.8275,35.5791,0.0,2018-07-07 03:44:43.970,,0.9,
122510,201807070343.0,32.8518,35.5517,0.0,2018-07-07 03:45:12.030,,1.0,
122511,201807070353.0,32.8453,35.5684,0.229,2018-07-07 03:56:01.630,,1.5,
122512,201807070427.0,32.819,35.6041,1.357,2018-07-07 04:28:37.510,,1.9,1.9
122513,201807070619.0,32.7961,35.5847,7.8846,2018-07-07 06:21:26.910,,1.0,
122514,201807070635.0,32.8371,35.5803,0.0,2018-07-07 06:37:05.550,,1.7,
122515,201807070701.0,32.8438,35.6124,11.215,2018-07-07 07:02:54.950,,1.0,
122517,201807070818.0,32.8316,35.6108,7.3501,2018-07-07 08:19:59.220,,1.5,
122518,201807070847.0,32.8245,35.5592,15.1579,2018-07-07 08:49:46.390,,1.0,
122519,201807070902.0,32.8349,35.5622,0.1263,2018-07-07 09:04:34.200,,1.3,
122520,201807070959.0,32.8293,35.5847,0.0,2018-07-07 10:01:30.140,,1.7,1.5
122521,201807071038.0,32.8282,35.5914,5.127,2018-07-07 10:40:28.460,,1.3,
122522,201807071121.0,32.8406,35.587,0.4668,2018-07-07 11:23:32.230,,1.6,
122523,201807071145.0,32.8402,35.5859,2.1428,2018-07-07 11:46:31.590,,2.4,2.5
122524,201807071305.0,32.8368,35.5802,0.0,2018-07-07 13:05:37.620,,1.7,
122525,201807071317.0,32.8587,35.5994,0.0,2018-07-07 13:19:10.470,,1.3,
122526,201807071522.0,32.8385,35.593,3.6404,2018-07-07 15:22:31.270,,1.7,
122527,201807071600.0,32.8266,35.5824,1.6217,2018-07-07 16:02:13.740,,1.0,
122528,201807071720.0,32.8249,35.6059,0.0,2018-07-07 17:22:30.790,,1.6,
122529,201807071721.0,32.8635,35.5675,0.0,2018-07-07 17:23:06.290,,1.6,
122530,201807071732.0,32.8361,35.5951,4.4541,2018-07-07 17:33:27.090,,2.1,2.1
122531,201807071739.0,32.8342,35.5973,3.6578,2018-07-07 17:40:59.720,,1.3,
122532,201807071748.0,32.863,35.5683,0.0,2018-07-07 17:50:28.430,,1.7,1.7
122533,201807071802.0,32.8284,35.622,2.3426,2018-07-07 18:04:26.030,,1.1,
122534,201807071803.0,32.8675,35.6039,2.7407,2018-07-07 18:05:20.830,,1.3,
122535,201807071805.0,32.8474,35.5859,6.9581,2018-07-07 18:07:10.350,,0.9,
122536,201807071817.0,32.8312,35.6102,6.5362,2018-07-07 18:19:02.680,,1.3,
122537,201807071827.0,32.8584,35.6017,1.2705,2018-07-07 18:28:25.260,,2.1,2.0
122538,201807071859.0,32.8368,35.5802,0.0,2018-07-07 19:00:40.230,,1.5,
122539,201807072017.0,32.8257,35.5972,1.4247,2018-07-07 20:19:22.610,,1.3,
122540,201807072035.0,32.8749,35.5906,2.3629,2018-07-07 20:37:24.210,,1.4,
122541,201807072039.0,32.8698,35.5862,0.1953,2018-07-07 20:39:37.260,,1.2,
122542,201807072150.0,32.8332,35.5692,0.0,2018-07-07 21:52:22.920,,1.1,
122543,201807072241.0,32.8375,35.5822,0.0,2018-07-07 22:43:49.530,,1.0,
122544,201807072312.0,32.8557,35.5792,0.4757,2018-07-07 23:13:57.890,,0.9,
122545,201807072330.0,32.8382,35.5908,0.3189,2018-07-07 23:32:29.830,,1.2,
122546,201807072331.0,32.8882,35.5673,0.0,2018-07-07 23:33:42.150,,0.7,
122547,201807080007.0,32.8291,35.5544,5.0379,2018-07-08 00:09:23.700,,1.1,
122548,201807080102.0,32.831,35.5764,9.7852,2018-07-08 01:03:48.850,,0.7,
122549,201807080105.0,32.8543,35.5593,0.0,2018-07-08 01:07:05.880,,1.3,
122550,201807080225.0,32.8759,35.5653,10.8936,2018-07-08 02:26:39.830,,0.8,
122551,201807080242.0,32.9002,35.5772,12.2726,2018-07-08 02:44:33.560,,0.8,
122552,201807080626.0,32.8273,35.5771,0.0,2018-07-08 06:28:40.370,,0.8,
122553,201807080808.0,32.8254,35.5943,0.8849,2018-07-08 08:09:53.010,,1.9,1.9
122554,201807081102.0,32.8386,35.5832,4.8738,2018-07-08 11:04:01.550,,3.0,3.1
122555,201807081237.0,32.8722,35.5934,0.4365,2018-07-08 12:39:10.220,,2.7,2.7
122556,201807081251.0,32.8401,35.5806,0.0,2018-07-08 12:52:17.390,,2.3,2.3
122557,201807081329.0,32.8341,35.5993,5.174,2018-07-08 13:30:47.850,,3.8,3.9
122558,201807081352.0,32.8415,35.5872,0.0239,2018-07-08 13:53:54.870,,2.4,2.2
122559,201807081420.0,32.8276,35.5817,0.0,2018-07-08 14:22:01.460,,2.3,2.4
122560,201807081448.0,32.819,35.5823,1.1293,2018-07-08 14:50:12.670,,1.9,1.7
122561,201807081449.0,32.832,35.5807,0.0,2018-07-08 14:51:40.770,,2.1,2.1
122562,201807081816.0,32.8552,35.5647,0.0807,2018-07-08 18:18:04.360,,1.6,1.4
122563,201807081835.0,32.8466,35.5738,0.215,2018-07-08 18:36:51.130,,2.3,2.2
122564,201807081859.0,32.846,35.5858,5.7672,2018-07-08 19:00:48.290,,2.8,2.9
122565,201807082003.0,32.8464,35.5924,5.445,2018-07-08 20:04:55.380,,3.0,
122566,201807082005.0,32.8444,35.5708,0.0,2018-07-08 20:06:31.650,,1.6,
122567,201807082027.0,32.8357,35.5742,0.0974,2018-07-08 20:28:34.090,,1.8,1.8
122568,201807082039.0,32.848,35.5637,6.4403,2018-07-08 20:40:46.110,,1.3,
122569,201807082041.0,32.8524,35.5696,1.6156,2018-07-08 20:43:15.550,,1.4,
122570,201807082139.0,32.8569,35.5858,0.999,2018-07-08 21:41:05.180,,1.0,
122571,201807082141.0,32.8529,35.5921,7.2257,2018-07-08 21:42:46.220,,3.4,3.5
122572,201807082153.0,32.8766,35.585,0.0845,2018-07-08 21:55:27.890,,1.2,
122573,201807082155.0,32.8348,35.5889,0.0,2018-07-08 21:56:45.200,,2.1,2.0
122574,201807082357.0,32.8821,35.5829,0.0,2018-07-08 23:58:53.870,,1.7,1.6
122575,201807090058.0,32.8231,35.5992,2.5889,2018-07-09 00:59:30.270,,2.3,2.5
122576,201807090244.0,32.8231,35.5932,0.3473,2018-07-09 02:45:23.950,,2.5,2.7
122577,201807090456.0,32.8555,35.5624,0.0,2018-07-09 04:58:26.540,,1.4,
122578,201807090517.0,32.8435,35.5564,25.3439,2018-07-09 05:19:03.510,,1.3,
122579,201807090518.0,32.8642,35.5625,0.2788,2018-07-09 05:19:40.930,,2.1,
122580,201807090525.0,32.8572,35.5761,6.8818,2018-07-09 05:26:40.020,,2.1,2.1
122581,201807090544.0,32.8195,35.5967,1.549,2018-07-09 05:45:24.560,,2.2,2.0
122582,201807090600.0,32.833,35.5897,5.9533,2018-07-09 06:01:12.780,,2.4,2.4
122583,201807090601.0,32.8335,35.5857,0.0,2018-07-09 06:03:18.860,,1.7,1.7
122584,201807090627.0,32.829,35.6048,1.8036,2018-07-09 06:29:56.860,,1.4,
122585,201807090628.0,32.8298,35.5955,0.0,2018-07-09 06:30:28.460,,1.3,
122586,201807090714.0,32.795,35.5906,9.7982,2018-07-09 07:16:35.140,,1.3,
122587,201807090742.0,32.8201,35.6038,1.025,2018-07-09 07:43:54.640,,1.2,
122588,201807090810.0,32.7945,35.576,2.3111,2018-07-09 08:12:51.070,,1.5,
122589,201807090816.0,32.8364,35.6124,17.6521,2018-07-09 08:17:47.440,,1.7,
122590,201807090827.0,32.819,35.5906,1.1521,2018-07-09 08:29:10.640,,1.7,1.6
122592,201807091223.0,32.8189,35.572,12.6652,2018-07-09 12:24:50.060,,1.3,
122594,201807091412.0,32.827,35.5966,3.1312,2018-07-09 14:14:29.660,,1.8,
122595,201807091444.0,32.8137,35.5988,6.6417,2018-07-09 14:46:45.300,,1.5,
122596,201807091457.0,32.7817,35.5929,22.0415,2018-07-09 14:59:35.670,,1.2,
122597,201807091514.0,32.8526,35.5894,6.0325,2018-07-09 15:16:06.220,,3.0,3.0
122598,201807091525.0,32.8341,35.604,6.8783,2018-07-09 15:27:34.860,,1.6,
122599,201807091835.0,32.8383,35.5868,0.39,2018-07-09 18:36:59.710,,1.8,1.7
122600,201807091929.0,32.83,35.6015,4.9698,2018-07-09 19:31:16.750,,1.7,
122601,201807091950.0,33.2916,35.4255,0.0,2018-07-09 19:52:14.180,,1.7,
122602,201807092028.0,32.831,35.6038,0.0,2018-07-09 20:30:17.340,,1.3,
122603,201807092041.0,32.8257,35.5934,1.2254,2018-07-09 20:42:50.560,,1.8,1.7
122604,201807092043.0,32.8559,35.5772,3.5457,2018-07-09 20:44:16.520,,1.4,
122605,201807092045.0,32.8485,35.5814,0.0,2018-07-09 20:45:53.930,,1.3,
122606,201807092046.0,32.8596,35.5837,9.0475,2018-07-09 20:46:56.340,,1.0,
122607,201807092052.0,32.876,35.5888,8.065,2018-07-09 20:54:06.510,,0.9,
122608,201807092105.0,32.8448,35.5851,4.1854,2018-07-09 21:07:14.460,,1.0,
122609,201807092205.0,32.825,35.5725,4.6603,2018-07-09 22:06:12.820,,0.9,
122610,201807092209.0,32.8246,35.5759,14.9559,2018-07-09 22:11:07.780,,0.7,
122611,201807092214.0,32.8419,35.5699,3.2426,2018-07-09 22:16:37.980,,0.7,
122612,201807092243.0,32.8456,35.5982,0.2761,2018-07-09 22:45:18.440,,0.9,1.0
122613,201807092255.0,32.8245,35.5916,7.0467,2018-07-09 22:57:21.180,,0.8,
122614,201807092257.0,32.8464,35.5593,0.0,2018-07-09 22:59:09.640,,0.6,
122615,201807092324.0,32.8665,35.5836,0.0,2018-07-09 23:26:08.760,,1.1,1.0
122616,201807100005.0,32.876,35.5494,0.0989,2018-07-10 00:06:22.310,,0.5,
122617,201807100015.0,32.8809,35.5556,6.0478,2018-07-10 00:16:55.840,,1.0,
122618,201807100034.0,32.8594,35.5912,0.0,2018-07-10 00:35:26.030,,0.8,
122619,201807100128.0,32.8364,35.5863,0.2666,2018-07-10 01:29:02.170,,1.9,1.8
122620,201807100235.0,32.8371,35.593,0.0,2018-07-10 02:36:48.570,,1.2,
122621,201807100338.0,32.8619,35.5737,0.0,2018-07-10 03:39:46.430,,1.9,1.8
122622,201807100527.0,32.8711,35.57,0.0,2018-07-10 05:28:31.310,,1.5,
122623,201807100737.0,32.8512,35.5898,0.0,2018-07-10 07:39:27.820,,1.3,
122624,201807101254.0,32.8571,35.5949,7.7073,2018-07-10 12:56:27.600,,1.4,
122625,201807101404.0,32.8904,35.5664,8.034,2018-07-10 14:05:46.610,,1.2,
122626,201807101521.0,32.8347,35.5954,0.8002,2018-07-10 15:22:37.700,,1.6,1.5
122627,201807101524.0,32.8561,35.5566,0.9716,2018-07-10 15:26:05.450,,1.3,
122628,201807101545.0,32.7988,35.5502,2.5099,2018-07-10 15:47:06.130,,1.0,
122629,201807101604.0,32.8597,35.569,2.1426,2018-07-10 16:05:51.560,,0.8,
122630,201807101910.0,32.8395,35.5704,1.0535,2018-07-10 19:11:24.170,,0.9,
122631,201807101918.0,32.8379,35.5894,0.0,2018-07-10 19:19:43.620,,1.3,
122632,201807101924.0,32.8341,35.5884,0.0,2018-07-10 19:25:20.390,,2.3,2.3
122633,201807101930.0,32.8164,35.5946,0.0,2018-07-10 19:31:54.930,,1.6,
122634,201807101951.0,32.8646,35.5624,1.9158,2018-07-10 19:53:14.860,,0.9,
122635,201807102014.0,32.8189,35.6028,5.5741,2018-07-10 20:15:55.180,,1.6,1.5
122637,201807102201.0,32.8377,35.5905,1.127,2018-07-10 22:02:50.280,,1.0,
122638,201807102303.0,32.8564,35.5752,0.0,2018-07-10 23:04:15.560,,2.4,2.4
122639,201807102333.0,32.8367,35.5772,0.0,2018-07-10 23:36:41.160,,1.3,
122640,201807102345.0,32.8243,35.5879,0.0,2018-07-10 23:47:08.880,,1.1,
122641,201807102350.0,32.8167,35.5708,5.4355,2018-07-10 23:51:48.460,,1.0,
122642,201807110008.0,32.8698,35.5525,5.7327,2018-07-11 00:09:10.040,,1.1,
122643,201807110009.0,32.8686,35.5542,5.5174,2018-07-11 00:10:01.920,,0.8,
122644,201807110013.0,32.868,35.5742,4.2315,2018-07-11 00:13:52.390,,1.3,
122645,201807110020.0,32.8376,35.5897,7.7639,2018-07-11 00:21:09.150,,2.2,2.1
122646,201807110042.0,32.852,35.569,10.0282,2018-07-11 00:43:35.670,,0.7,
122647,201807110057.0,32.8729,35.568,5.1144,2018-07-11 00:58:37.170,,0.9,
122648,201807110107.0,32.8733,35.5782,5.6535,2018-07-11 01:09:32.120,,0.9,
122650,201807110427.0,32.8388,35.588,7.4151,2018-07-11 04:29:10.060,,1.2,
122651,201807110515.0,32.8398,35.5784,7.8333,2018-07-11 05:16:24.960,,1.3,
122652,201807110632.0,32.8759,35.5605,1.8934,2018-07-11 06:33:40.480,,0.8,
122653,201807110750.0,32.8499,35.5635,2.8463,2018-07-11 07:51:38.530,,2.0,
122654,201807110820.0,32.8343,35.5595,1.9227,2018-07-11 08:21:20.940,,0.9,
122655,201807110828.0,32.8361,35.5744,11.2952,2018-07-11 08:29:12.500,,1.4,
122656,201807110856.0,32.8602,35.5628,5.1654,2018-07-11 08:57:15.740,,1.6,1.5
122657,201807111057.0,32.84,35.5569,0.4857,2018-07-11 10:59:42.220,,1.7,1.6
122658,201807111134.0,32.8244,35.5746,4.1413,2018-07-11 11:36:21.700,,1.9,1.7
122659,201807111421.0,32.8425,35.5817,7.5198,2018-07-11 14:22:40.300,,1.5,1.6
122660,201807111459.0,32.8312,35.5825,6.3271,2018-07-11 15:00:23.050,,1.2,
122661,201807111705.0,32.8473,35.5687,7.1098,2018-07-11 17:06:46.300,,1.4,
122662,201807111913.0,32.8558,35.5578,4.6862,2018-07-11 19:13:57.040,,0.9,
122663,201807111926.0,32.8394,35.5876,9.5338,2018-07-11 19:27:12.530,,1.4,
122664,201807111958.0,32.8674,35.563,5.4375,2018-07-11 19:59:14.360,,2.0,1.8
122665,201807112000.0,32.8625,35.5632,6.2642,2018-07-11 20:01:04.650,,2.3,2.2
122666,201807112006.0,32.8468,35.5563,0.2976,2018-07-11 20:07:14.730,,0.5,
122667,201807112041.0,32.8432,35.5689,2.6937,2018-07-11 20:43:48.180,,0.7,
122669,201807112129.0,32.8439,35.5519,5.2001,2018-07-11 21:30:05.350,,0.6,
122670,201807112158.0,32.8564,35.5582,5.2066,2018-07-11 21:59:30.790,,1.1,
122671,201807112209.0,32.8604,35.5689,5.4076,2018-07-11 22:10:03.410,,1.6,1.5
122672,201807120041.0,32.8292,35.5929,2.5068,2018-07-12 00:42:58.630,,1.6,
122673,201807120127.0,32.8403,35.5728,0.3451,2018-07-12 01:28:47.060,,1.2,
122674,201807120140.0,32.8321,35.5959,15.8247,2018-07-12 01:42:34.390,,1.3,
122675,201807120514.0,32.815,35.5929,3.2904,2018-07-12 05:16:13.260,,1.7,1.7
122676,201807120537.0,32.8278,35.5758,6.3054,2018-07-12 05:39:41.800,,1.8,
122677,201807120659.0,32.853,35.5802,2.5785,2018-07-12 07:00:35.030,,2.6,2.7
122678,201807120752.0,32.8263,35.5919,2.1123,2018-07-12 07:53:38.620,,2.0,
122679,201807120810.0,32.8325,35.5835,0.0,2018-07-12 08:11:49.430,,1.7,
122680,201807121101.0,32.843,35.5707,0.0812,2018-07-12 11:02:53.300,,2.0,1.7
122681,201807121141.0,32.835,35.5747,6.5379,2018-07-12 11:43:06.710,,2.0,1.9
122683,201807121535.0,32.8447,35.566,0.0,2018-07-12 15:37:22.220,,1.4,
122685,201807121956.0,32.8524,35.5809,1.829,2018-07-12 19:57:55.140,,1.5,
122687,201807122225.0,32.8516,35.5896,0.6652,2018-07-12 22:27:38.990,,1.7,1.5
122688,201807122257.0,32.8264,35.555,0.0488,2018-07-12 22:59:06.150,,1.1,
122689,201807122258.0,32.8371,35.5928,0.0,2018-07-12 23:00:26.140,,0.9,
122690,201807130010.0,32.8498,35.5894,5.5698,2018-07-13 00:11:43.350,,2.1,
122691,201807130135.0,32.8567,35.5864,0.0174,2018-07-13 01:37:35.900,,1.0,
122692,201807130605.0,32.8628,35.6016,1.5356,2018-07-13 06:06:45.030,,2.2,1.8
122693,201807130650.0,32.8825,35.5999,0.4827,2018-07-13 06:52:07.950,,1.8,
122694,201807131422.0,32.8474,35.5938,1.2723,2018-07-13 14:24:12.530,,1.6,
122696,201807132024.0,32.8878,35.587,7.6676,2018-07-13 20:24:54.190,,1.2,
122697,201807132145.0,32.828,35.5848,1.4989,2018-07-13 21:46:57.230,,1.5,
122698,201807132146.0,32.8312,35.5866,2.6459,2018-07-13 21:47:51.280,,1.7,
122699,201807132157.0,32.8262,35.5836,0.0,2018-07-13 21:59:01.770,,1.1,
122700,201807132212.0,32.8404,35.5868,0.0,2018-07-13 22:14:15.720,,1.2,1.2
122702,201807140124.0,32.8561,35.5827,0.0,2018-07-14 01:26:05.950,,1.8,1.7
122703,201807140138.0,32.8356,35.5933,0.0,2018-07-14 01:40:24.130,,2.0,2.0
122704,201807140152.0,32.8327,35.5778,0.0,2018-07-14 01:54:07.730,,1.7,1.6
122705,201807140609.0,32.8523,35.5669,0.0,2018-07-14 06:11:38.370,,1.9,1.8
122706,201807140847.0,32.8768,35.5713,0.3819,2018-07-14 08:48:54.060,,1.7,
122707,201807140852.0,33.0984,35.5948,0.139,2018-07-14 08:53:29.510,,1.0,
122708,201807140900.0,32.8334,35.5514,0.0,2018-07-14 09:02:50.110,,1.1,
122709,201807141124.0,32.8535,35.569,0.0,2018-07-14 11:26:25.060,,1.3,
122711,201807141534.0,32.8241,35.5766,0.0,2018-07-14 15:36:23.410,,1.5,
122712,201807141710.0,32.8237,35.5901,0.0,2018-07-14 17:11:46.580,,2.1,2.0
122713,201807142052.0,33.1082,35.503,0.0,2018-07-14 20:54:23.270,,1.3,
122714,201807142236.0,32.8303,35.576,0.0,2018-07-14 22:37:53.110,,1.3,
122715,201807150308.0,32.826,35.5853,0.0,2018-07-15 03:09:28.880,,1.4,
122717,201807151020.0,32.8599,35.5567,0.4484,2018-07-15 10:22:05.650,,1.8,
122718,201807151029.0,32.8687,35.591,0.0,2018-07-15 10:30:55.510,,1.4,
122719,201807151056.0,32.826,35.5986,13.1889,2018-07-15 10:58:54.710,,1.3,
122720,201807151401.0,32.8217,35.6059,4.0817,2018-07-15 14:03:33.180,,2.0,
122721,201807151414.0,32.8363,35.5761,10.0534,2018-07-15 14:16:29.370,,1.5,
122722,201807151554.0,32.8234,35.5899,3.6277,2018-07-15 15:55:33.100,,1.8,
122723,201807151757.0,32.8303,35.586,0.0,2018-07-15 17:58:31.540,,2.6,2.6
122724,201807151838.0,32.838,35.5844,1.8692,2018-07-15 18:39:29.270,,1.5,
122727,201807152020.0,32.8647,35.5582,0.0,2018-07-15 20:21:55.640,,1.5,
122728,201807160107.0,32.8106,35.5849,25.9991,2018-07-16 01:08:48.250,,1.0,
122729,201807160239.0,32.8221,35.5802,0.0,2018-07-16 02:41:26.410,,1.6,1.6
122730,201807160628.0,32.8342,35.5532,0.0,2018-07-16 06:30:35.810,,1.2,
122735,201807161527.0,32.8578,35.5842,0.0,2018-07-16 15:29:14.840,,1.0,
122736,201807161839.0,32.8568,35.5919,9.0718,2018-07-16 18:40:55.460,,0.7,
122737,201807162032.0,32.8352,35.5698,0.0,2018-07-16 20:33:17.580,,2.0,2.2
122738,201807162145.0,32.8478,35.561,2.7741,2018-07-16 21:47:46.950,,0.8,
122739,201807162146.0,32.8629,35.5646,0.0,2018-07-16 21:48:17.310,,0.9,
122740,201807170022.0,32.8219,35.5966,22.0194,2018-07-17 00:24:32.850,,1.1,
122741,201807170206.0,32.8891,35.5556,8.1281,2018-07-17 02:07:45.380,,1.3,
122743,201807170820.0,32.871,35.5556,3.5044,2018-07-17 08:21:56.980,,0.9,
122745,201807171258.0,32.8473,35.5528,0.0,2018-07-17 13:00:01.030,,1.2,
122746,201807171738.0,32.8267,35.5771,0.0,2018-07-17 17:39:14.490,,1.9,1.9
122747,201807171759.0,32.8357,35.5751,0.0,2018-07-17 18:01:36.580,,1.4,1.6
122749,201807181522.0,32.8617,35.5761,0.4946,2018-07-18 15:24:09.150,,2.1,2.1
122750,201807182047.0,32.8283,35.5716,5.5283,2018-07-18 20:49:30.030,,1.4,
122751,201807182122.0,32.8622,35.5714,0.0,2018-07-18 21:24:29.750,,1.8,1.6
122752,201807182123.0,32.8562,35.5935,5.8033,2018-07-18 21:24:54.380,,1.7,1.6
122753,201807182349.0,32.8422,35.5623,10.3702,2018-07-18 23:51:14.750,,1.1,
122754,201807190126.0,32.8358,35.6003,3.078,2018-07-19 01:28:00.090,,1.5,
122755,201807190337.0,32.8395,35.5604,0.6826,2018-07-19 03:39:34.200,,1.2,
122757,201807190746.0,32.8263,35.6047,0.4218,2018-07-19 07:47:55.070,,1.5,
122758,201807200108.0,32.8436,35.5739,0.0,2018-07-20 01:10:32.640,,1.3,
122760,201807201306.0,32.8427,35.5691,1.843,2018-07-20 13:07:39.870,,1.0,
122761,201807201523.0,32.8129,35.5764,0.0,2018-07-20 15:25:09.570,,0.8,
122762,201807201656.0,32.8285,35.5845,0.1982,2018-07-20 16:58:21.450,,1.4,
122763,201807201659.0,32.8055,35.5878,0.5475,2018-07-20 17:01:17.920,,0.9,
122764,201807201851.0,32.8282,35.5682,0.4459,2018-07-20 18:52:55.740,,1.4,
122766,201807210056.0,32.8518,35.577,0.4625,2018-07-21 00:57:43.920,,1.2,
122767,201807210156.0,32.8224,35.5871,2.7092,2018-07-21 01:58:34.160,,1.6,
122768,201807210202.0,32.8645,35.5699,0.0,2018-07-21 02:04:12.440,,0.9,
122769,201807210208.0,33.3372,35.3998,7.8576,2018-07-21 02:08:52.710,,1.5,
122770,201807210500.0,32.837,35.581,0.0,2018-07-21 05:02:36.790,,1.2,
122771,201807210743.0,32.8313,35.5782,0.0,2018-07-21 07:46:08.330,,1.1,
122773,201807211417.0,32.895,35.5583,0.0,2018-07-21 14:18:49.770,,1.6,
122775,201807220017.0,32.8779,35.5485,0.4473,2018-07-22 00:19:32.700,,0.8,
122776,201807220035.0,33.0686,35.624,16.5044,2018-07-22 00:36:58.280,,0.7,
122777,201807220200.0,32.8315,35.5631,4.3079,2018-07-22 02:02:22.560,,1.0,
122778,201807220640.0,32.8471,35.5731,8.3538,2018-07-22 06:41:26.130,,3.4,3.6
122779,201807220714.0,32.8246,35.5715,0.0,2018-07-22 07:15:43.110,,1.1,
122780,201807220719.0,32.8366,35.5613,0.0,2018-07-22 07:21:06.650,,1.7,
122781,201807220807.0,32.8696,35.5523,0.0,2018-07-22 08:08:25.830,,1.5,
122782,201807221531.0,32.8536,35.5865,0.0,2018-07-22 15:33:29.090,,1.2,
122783,201807221933.0,32.8455,35.5871,6.6525,2018-07-22 19:34:30.420,,1.6,
122784,201807222221.0,32.8511,35.5766,0.0,2018-07-22 22:22:42.920,,1.6,
122785,201807222246.0,32.8322,35.5746,5.7822,2018-07-22 22:48:17.700,,1.2,
122786,201807230316.0,32.8344,35.5781,1.8731,2018-07-23 03:18:08.520,,1.8,1.7
122788,201807240812.0,32.8243,35.5975,0.0,2018-07-24 08:13:10.960,,1.7,
122789,201807241157.0,32.8367,35.5783,0.0,2018-07-24 11:58:21.100,,1.6,
122791,201807241835.0,32.8255,35.5926,1.1112,2018-07-24 18:36:20.270,,1.0,
122793,201807242138.0,32.83,35.5838,0.0,2018-07-24 21:39:09.610,,0.7,
122794,201807242344.0,32.8715,35.5668,0.4842,2018-07-24 23:45:12.900,,0.7,
122795,201807250454.0,33.151,35.5789,17.3505,2018-07-25 04:56:04.220,,1.6,
122798,201807251007.0,32.8392,35.5805,0.1342,2018-07-25 10:08:17.500,,1.8,1.6
122799,201807251050.0,32.8446,35.5692,2.1876,2018-07-25 10:52:05.260,,2.1,1.9
122800,201807251052.0,32.8542,35.5747,0.0,2018-07-25 10:54:19.610,,1.3,
122801,201807251340.0,32.8312,35.5886,0.4847,2018-07-25 13:42:39.810,,1.7,
122802,201807260040.0,32.8063,35.5662,0.309,2018-07-26 00:41:40.660,,1.6,
122803,201807260138.0,32.8244,35.584,7.6447,2018-07-26 01:39:04.070,,1.1,
122804,201807260139.0,32.8279,35.5887,10.2114,2018-07-26 01:39:47.040,,1.3,
122807,201807260323.0,32.8553,35.559,0.0,2018-07-26 03:24:20.170,,0.5,
122808,201807261716.0,32.8215,35.5839,7.8934,2018-07-26 17:17:10.550,,1.4,
122809,201807261751.0,32.8157,35.5897,6.4187,2018-07-26 17:52:28.690,,1.9,1.7
122810,201807261829.0,32.8668,35.5751,2.2709,2018-07-26 18:30:50.590,,1.0,
122811,201807262158.0,32.8355,35.5727,5.5066,2018-07-26 21:59:21.080,,1.1,
122812,201807270850.0,32.8737,35.5705,4.6345,2018-07-27 08:51:18.320,,3.5,3.7
122813,201807271003.0,32.8574,35.5723,3.2292,2018-07-27 10:05:02.720,,1.8,
122814,201807271004.0,32.8703,35.5645,0.0,2018-07-27 10:07:03.380,,1.4,
122815,201807271010.0,32.8547,35.5751,0.0,2018-07-27 10:12:04.840,,2.4,
122816,201807271034.0,32.8347,35.5629,0.0,2018-07-27 10:35:51.180,,1.2,
122817,201807271155.0,32.8631,35.5703,0.7277,2018-07-27 11:56:37.100,,2.5,2.2
122818,201807271257.0,32.8664,35.5718,0.0,2018-07-27 12:58:33.460,,1.7,
122819,201807271336.0,32.8633,35.5683,0.0,2018-07-27 13:38:04.310,,1.5,
122820,201807271604.0,32.8587,35.5718,0.0,2018-07-27 16:05:33.550,,1.7,
122821,201807272212.0,32.862,35.5661,0.3255,2018-07-27 22:13:58.920,,1.1,
122822,201807280001.0,32.8669,35.567,5.885,2018-07-28 00:02:34.170,,1.3,
122823,201807280013.0,32.8709,35.5724,4.3738,2018-07-28 00:14:40.920,,1.3,
122824,201807280151.0,32.8586,35.5638,5.4843,2018-07-28 01:53:39.590,,1.1,
122825,201807280323.0,32.872,35.5606,4.0834,2018-07-28 03:24:00.930,,1.8,
122826,201807280324.0,32.8644,35.5649,3.7091,2018-07-28 03:25:00.390,,1.6,
122827,201807280347.0,32.86,35.5622,5.3626,2018-07-28 03:48:11.500,,1.2,
122830,201807281111.0,32.8684,35.5674,3.5982,2018-07-28 11:12:16.210,,1.6,
122831,201807281122.0,32.8674,35.5871,4.646,2018-07-28 11:23:48.340,,1.5,
122832,201807281451.0,32.8732,35.5717,5.9182,2018-07-28 14:52:57.610,,1.6,
122833,201807281458.0,32.8517,35.5605,4.472,2018-07-28 14:59:30.900,,1.4,
122834,201807281459.0,32.8753,35.5515,7.4558,2018-07-28 15:00:19.610,,1.3,
122835,201807281510.0,32.8452,35.5604,3.7986,2018-07-28 15:11:51.950,,1.6,
122836,201807281547.0,32.8726,35.5646,5.349,2018-07-28 15:48:57.550,,1.6,
122837,201807281902.0,32.8628,35.5657,4.9917,2018-07-28 19:03:51.650,,1.2,
122838,201807282042.0,32.8897,35.5547,0.0547,2018-07-28 20:43:23.260,,0.9,
122839,201807282231.0,32.8663,35.5661,5.5188,2018-07-28 22:32:25.040,,1.4,
122840,201807282306.0,32.8506,35.5399,1.6123,2018-07-28 23:07:15.470,,0.9,
122841,201807282309.0,32.8508,35.5483,1.4019,2018-07-28 23:10:16.600,,0.5,
122842,201807282337.0,32.875,35.5672,5.2598,2018-07-28 23:38:45.320,,1.0,
122843,201807282348.0,32.8657,35.5684,5.2789,2018-07-28 23:49:38.740,,2.3,2.1
122844,201807282351.0,32.8583,35.5647,5.1462,2018-07-28 23:52:33.210,,1.6,
122845,201807290006.0,32.8603,35.5787,0.6674,2018-07-29 00:07:55.390,,3.2,
122846,201807290025.0,32.8594,35.5799,0.0,2018-07-29 00:26:59.070,,2.5,2.4
122847,201807290042.0,32.8708,35.5748,0.0,2018-07-29 00:43:33.220,,2.2,1.9
122848,201807290626.0,32.8439,35.5455,0.0,2018-07-29 06:27:12.030,,0.9,
122849,201807290718.0,32.8604,35.5888,0.0,2018-07-29 07:20:00.410,,1.7,1.6
122850,201807290845.0,32.8331,35.5922,3.6831,2018-07-29 08:46:42.430,,2.1,1.9
122851,201807290905.0,32.8174,35.529,0.3121,2018-07-29 09:06:59.740,,1.0,
122854,201807291029.0,32.8339,35.5949,0.0,2018-07-29 10:32:08.860,,1.7,
122855,201807291114.0,32.8412,35.5782,0.3504,2018-07-29 11:16:31.720,,1.9,1.9
122856,201807291158.0,32.8148,35.5955,0.0,2018-07-29 11:59:51.230,,2.0,2.0
122857,201807291207.0,32.8211,35.5803,0.0,2018-07-29 12:09:13.630,,1.5,
122858,201807291223.0,32.849,35.5952,12.2754,2018-07-29 12:25:23.320,,1.3,
122860,201807291315.0,32.8324,35.5968,0.0,2018-07-29 13:16:50.410,,1.2,
122861,201807291518.0,32.8479,35.5771,6.7163,2018-07-29 15:20:06.650,,1.4,
122862,201807291523.0,32.8553,35.5461,1.9215,2018-07-29 15:24:56.700,,1.0,
122863,201807291614.0,32.8653,35.5634,0.1258,2018-07-29 16:16:10.230,,1.9,1.7
122867,201807300258.0,32.822,35.5861,0.0,2018-07-30 02:59:49.290,,2.2,2.3
122868,201807300357.0,32.8273,35.5621,3.7427,2018-07-30 03:59:00.330,,1.4,
122869,201807300709.0,32.8183,35.5666,0.0,2018-07-30 07:11:39.690,,1.4,
122870,201807300801.0,32.8469,35.5799,8.3956,2018-07-30 08:03:36.320,,1.4,
122871,201807301140.0,32.8199,35.586,6.338,2018-07-30 11:42:30.660,,1.4,
122872,201807301238.0,32.8006,35.5933,0.2379,2018-07-30 12:39:36.110,,1.7,1.7
122874,201807301852.0,32.8561,35.5658,0.0,2018-07-30 18:54:39.590,,1.1,
122876,201807302051.0,33.1928,35.6041,3.7202,2018-07-30 20:52:48.310,,1.0,
122877,201807302057.0,32.8571,35.6033,8.3221,2018-07-30 20:58:53.380,,1.0,
122879,201807310041.0,32.8262,35.5829,0.0,2018-07-31 00:42:56.520,,2.2,2.3
122880,201807310120.0,32.8218,35.5625,0.0,2018-07-31 01:22:11.620,,0.8,
122881,201807310129.0,32.8133,35.5824,2.8653,2018-07-31 01:30:49.700,,1.1,
122883,201807311049.0,32.897,35.5408,7.72,2018-07-31 10:51:08.920,,1.0,
122884,201807311137.0,32.8252,35.5959,5.9211,2018-07-31 11:39:10.020,,1.8,1.8
122885,201807311624.0,32.8562,35.5922,0.4693,2018-07-31 16:25:27.870,,2.2,2.0
122887,201807311643.0,32.8457,35.5781,1.8923,2018-07-31 16:45:38.100,,1.4,
122888,201807311644.0,32.8259,35.5552,2.5526,2018-07-31 16:45:16.660,,1.2,
122889,201808010008.0,32.8582,35.5653,1.2763,2018-08-01 00:09:28.740,,0.8,
122890,201808010047.0,32.8213,35.5638,0.4963,2018-08-01 00:49:21.280,,1.8,1.7
122892,201808010119.0,32.8751,35.5513,4.1435,2018-08-01 01:20:11.030,,0.7,
122893,201808010205.0,32.8375,35.5669,3.4291,2018-08-01 02:06:39.660,,1.9,1.7
122896,201808010315.0,32.8052,35.5858,9.1463,2018-08-01 03:17:42.070,,0.9,
122897,201808010316.0,32.8326,35.6203,12.102,2018-08-01 03:17:49.470,,2.0,
122898,201808010556.0,32.8357,35.5638,9.9073,2018-08-01 05:59:40.830,,1.8,1.6
122900,201808010939.0,32.8326,35.5888,6.8774,2018-08-01 09:40:37.860,,1.8,1.8
122901,201808010948.0,32.8109,35.5538,1.5331,2018-08-01 09:48:20.370,,0.8,
122902,201808011136.0,32.8071,35.5633,5.4304,2018-08-01 11:37:09.340,,1.6,
122903,201808011431.0,32.8717,35.5668,5.3377,2018-08-01 14:32:39.360,,1.9,1.7
122904,201808020120.0,32.8655,35.5517,4.5132,2018-08-02 01:21:58.320,,1.3,
122905,201808020147.0,32.8668,35.5573,5.2155,2018-08-02 01:49:02.180,,1.6,1.4
122906,201808020736.0,33.1465,35.6982,12.6173,2018-08-02 07:37:23.170,,1.1,
122907,201808020927.0,32.859,35.569,3.5528,2018-08-02 09:27:48.580,,1.2,
122910,201808021954.0,32.8151,35.5962,10.4315,2018-08-02 19:56:09.350,,1.1,
122911,201808022132.0,32.8555,35.5764,7.4152,2018-08-02 21:32:41.720,,0.9,
122912,201808022217.0,32.8841,35.569,5.4537,2018-08-02 22:19:30.230,,1.0,
122913,201808030008.0,32.8876,35.5832,0.0,2018-08-03 00:10:38.770,,1.0,
122917,201808031126.0,32.8587,35.5776,0.0,2018-08-03 11:28:09.990,,1.2,
122918,201808040016.0,32.822,35.5452,0.0,2018-08-04 00:18:05.820,,1.2,
122919,201808040038.0,32.8565,35.5823,27.1885,2018-08-04 00:40:07.000,,1.5,
122920,201808040304.0,32.8238,35.5753,0.0,2018-08-04 03:06:25.260,,1.4,
122921,201808040305.0,32.8175,35.58,1.892,2018-08-04 03:07:10.540,,2.3,2.0
122922,201808040646.0,32.8087,35.5865,4.3305,2018-08-04 06:48:06.480,,1.7,
122924,201808040819.0,32.8144,35.5847,6.3132,2018-08-04 08:21:28.130,,1.8,
122926,201808041508.0,32.8139,35.5956,4.3758,2018-08-04 15:10:24.250,,1.6,
122929,201808050032.0,32.8503,35.5575,4.8634,2018-08-05 00:33:25.670,,1.1,
122930,201808050043.0,32.8332,35.5721,0.0,2018-08-05 00:44:34.310,,2.2,2.1
122931,201808050048.0,32.8378,35.5719,0.0,2018-08-05 00:49:11.470,,2.0,1.8
122932,201808050051.0,32.8391,35.5677,0.0,2018-08-05 00:52:52.030,,1.3,
122933,201808050127.0,32.8464,35.5718,0.0,2018-08-05 01:28:12.550,,1.6,1.6
122934,201808050131.0,32.8155,35.5886,0.0,2018-08-05 01:33:02.140,,2.1,2.0
122936,201808050322.0,32.8259,35.5708,0.0,2018-08-05 03:24:00.850,,1.5,
122941,201808062133.0,32.8532,35.5791,7.8307,2018-08-06 21:34:50.680,,1.4,
122943,201808071335.0,32.8793,35.5563,4.8068,2018-08-07 13:37:39.590,,1.4,
122944,201808071338.0,32.903,35.5618,0.0,2018-08-07 13:38:38.680,,1.4,
122945,201808071436.0,33.3457,35.3901,0.2668,2018-08-07 14:37:56.020,,1.6,
122946,201808071457.0,32.8734,35.5506,0.4755,2018-08-07 14:58:47.510,,1.6,
122947,201808071458.0,32.8694,35.5584,4.4175,2018-08-07 15:01:03.670,,0.9,
122948,201808071459.0,32.8789,35.5631,0.2907,2018-08-07 15:01:13.770,,1.5,1.2
122949,201808071509.0,32.8572,35.5492,3.667,2018-08-07 15:11:30.050,,1.3,
122952,201808080446.0,32.8819,35.5486,0.4531,2018-08-08 04:48:02.850,,1.7,1.6
122953,201808081039.0,32.8261,35.5556,0.0341,2018-08-08 10:41:45.430,,1.1,
122954,201808082107.0,32.861,35.5788,4.6565,2018-08-08 21:09:17.750,,1.5,
122955,201808082209.0,32.8236,35.5912,0.0,2018-08-08 22:10:28.140,,2.1,2.0
122956,201808082319.0,32.8257,35.5911,0.446,2018-08-08 23:21:09.800,,2.2,2.2
122957,201808082332.0,32.8605,35.5732,5.6772,2018-08-08 23:33:48.510,,1.2,
122958,201808090318.0,32.8356,35.5992,0.0,2018-08-09 03:21:13.200,,1.3,
122960,201808100139.0,33.1149,35.6116,20.7004,2018-08-10 01:41:39.680,,1.2,
122961,201808101238.0,32.8214,35.5712,5.1082,2018-08-10 12:40:13.920,,1.3,
122962,201808101439.0,32.8385,35.5996,9.8461,2018-08-10 14:40:48.810,,2.4,2.3
122964,201808101911.0,32.846,35.5641,4.1416,2018-08-10 19:13:11.560,,1.3,
122965,201808102233.0,32.85,35.5852,23.8504,2018-08-10 22:35:09.410,,1.0,
122966,201808102332.0,32.7177,35.4408,15.8615,2018-08-10 23:34:05.720,,1.2,1.0
122968,201808111048.0,32.8379,35.5551,0.2886,2018-08-11 10:49:45.100,,1.3,
122969,201808112254.0,32.8575,35.5621,5.3005,2018-08-11 22:56:14.020,,1.6,
122970,201808112302.0,32.8398,35.5677,2.2948,2018-08-11 23:03:53.220,,1.3,
122971,201808112357.0,32.8396,35.541,2.9255,2018-08-11 23:59:11.150,,0.9,
122973,201808120029.0,32.8491,35.5647,0.0,2018-08-12 00:31:13.660,,1.1,
122974,201808121740.0,32.9625,35.6181,21.5997,2018-08-12 17:41:45.020,,1.2,
122978,201808130522.0,32.8568,35.5789,5.6768,2018-08-13 05:23:58.390,,1.6,1.6
122979,201808130555.0,32.8481,35.5707,5.0987,2018-08-13 05:56:48.930,,2.1,2.1
122980,201808130937.0,32.8394,35.551,0.0,2018-08-13 09:39:32.050,,1.4,
122981,201808131748.0,32.8888,35.5717,4.2713,2018-08-13 17:50:20.910,,1.1,
122984,201808160558.0,32.8324,35.5734,4.0309,2018-08-16 06:00:03.160,,1.6,
122986,201808162126.0,32.8385,35.5727,7.1871,2018-08-16 21:27:39.820,,1.6,
122987,201808170239.0,32.8541,35.5667,5.7759,2018-08-17 02:40:55.030,,2.0,2.1
122988,201808170313.0,32.8111,35.572,3.7299,2018-08-17 03:15:53.380,,1.1,
122989,201808170751.0,32.848,35.5756,7.7101,2018-08-17 07:53:09.420,,2.2,2.3
122990,201808171307.0,32.8414,35.5728,7.8182,2018-08-17 13:09:34.560,,1.5,
122992,201808172304.0,32.865,35.568,4.8907,2018-08-17 23:06:36.440,,1.1,
122995,201808182257.0,32.8556,35.5632,6.9708,2018-08-18 22:59:09.310,,0.9,
122996,201808182340.0,32.8541,35.5702,5.2535,2018-08-18 23:42:24.590,,0.8,
122997,201808192042.0,32.8903,35.5498,3.9248,2018-08-19 20:44:11.470,,1.3,
122998,201808200113.0,32.8539,35.5914,1.8795,2018-08-20 01:15:12.970,,0.8,
123002,201808201946.0,32.8264,35.5744,4.6076,2018-08-20 19:47:56.440,,0.7,
123003,201808211514.0,32.8561,35.5856,8.2336,2018-08-21 15:15:59.210,,1.6,
123007,201808222252.0,32.8329,35.6112,0.0,2018-08-22 22:54:58.280,,1.2,
123008,201808222258.0,32.8672,35.5572,0.4731,2018-08-22 22:58:46.040,,0.9,
123010,201808230307.0,33.2833,35.6761,6.5028,2018-08-23 03:07:36.280,,0.8,
123014,201808232053.0,32.8867,35.5872,5.2521,2018-08-23 20:54:30.880,,1.2,
123015,201808240251.0,32.8562,35.5821,4.5347,2018-08-24 02:53:17.650,,1.1,
123016,201808240522.0,32.8125,35.5884,8.7123,2018-08-24 05:24:25.350,,1.3,
123018,201808241004.0,32.8204,35.5833,4.2022,2018-08-24 10:05:33.400,,1.3,
123021,201808242042.0,32.8762,35.5643,3.3509,2018-08-24 20:44:44.780,,1.5,1.4
123022,201808250435.0,32.8161,35.5853,0.7839,2018-08-25 04:37:14.560,,0.8,
123024,201808251811.0,32.8282,35.5858,0.4969,2018-08-25 18:12:42.330,,1.7,1.6
123025,201808252131.0,32.8489,35.5754,4.2481,2018-08-25 21:32:49.390,,1.3,
123026,201808252350.0,32.8433,35.5747,5.388,2018-08-25 23:52:44.830,,1.0,
123027,201808260543.0,32.8094,35.5798,7.4641,2018-08-26 05:44:23.140,,1.2,
123028,201808261734.0,32.8983,35.5534,0.3244,2018-08-26 17:35:00.240,,0.9,
123031,201808290118.0,33.3293,35.6297,10.2113,2018-08-29 01:20:47.590,,1.2,
123036,201808302322.0,32.8271,35.5848,4.3287,2018-08-30 23:24:05.430,,2.0,
123037,201808302342.0,32.8222,35.5598,1.0032,2018-08-30 23:44:05.750,,1.2,
123039,201809010434.0,32.9592,35.6325,19.2205,2018-09-01 04:35:21.490,,2.2,2.2
123042,201809030314.0,32.8598,35.5617,0.2617,2018-09-03 03:15:41.110,,1.7,1.6
123043,201809030932.0,32.5315,35.6168,4.3943,2018-09-03 09:34:52.510,,1.4,
123053,201809051447.0,32.8444,35.5587,0.0834,2018-09-05 14:49:19.050,,1.6,
123054,201809051725.0,32.8449,35.5607,2.008,2018-09-05 17:27:56.380,,1.1,
123056,201809051917.0,32.8614,35.5731,6.7989,2018-09-05 19:18:54.130,,1.7,1.5
123057,201809052151.0,32.811,35.5576,0.4019,2018-09-05 21:53:13.000,,1.0,
123058,201809060344.0,33.2007,35.6906,0.0714,2018-09-06 03:46:37.200,,1.2,
123060,201809080155.0,32.8131,35.5833,0.8557,2018-09-08 01:57:51.350,,1.2,
123061,201809080757.0,32.8825,35.6063,0.0,2018-09-08 07:59:28.420,,1.1,
123063,201809102143.0,33.2653,35.6675,11.4412,2018-09-10 21:45:45.840,,1.7,
123064,201809111653.0,32.9956,35.3925,25.5929,2018-09-11 16:55:37.810,,0.8,
123067,201809130144.0,33.1338,35.6207,19.715,2018-09-13 01:45:10.550,,1.0,
123070,201809132221.0,32.8204,35.5619,1.3321,2018-09-13 22:23:23.230,,1.2,
123072,201809142253.0,32.8677,35.5756,5.6226,2018-09-14 22:54:25.590,,1.4,
123078,201809180249.0,32.8734,35.5692,4.4443,2018-09-18 02:51:58.000,,1.3,
123079,201809180431.0,32.8721,35.5721,0.4793,2018-09-18 04:32:52.620,,1.9,
123080,201809182105.0,32.8567,35.5796,0.0,2018-09-18 21:06:50.080,,1.1,
123082,201809182328.0,32.8535,35.5735,0.1388,2018-09-18 23:30:36.950,,1.5,
123083,201809190149.0,32.8267,35.5833,6.4548,2018-09-19 01:50:27.380,,1.0,
123084,201809190441.0,32.8625,35.5985,0.0,2018-09-19 04:42:32.140,,1.3,
123091,201809230439.0,32.8417,35.5545,3.924,2018-09-23 04:40:18.050,,1.5,
123093,201809231502.0,32.8191,35.5689,7.0895,2018-09-23 15:03:55.870,,1.3,
123097,201809240603.0,33.1473,35.4423,0.8158,2018-09-24 06:04:33.100,,2.0,1.8
123098,201809240656.0,33.1318,35.4553,2.2439,2018-09-24 06:57:56.970,,1.9,2.0
123099,201809240758.0,32.8202,35.5728,0.3434,2018-09-24 07:59:57.770,,1.4,
123105,201809251704.0,33.1637,35.4339,6.1501,2018-09-25 17:06:13.250,,2.2,2.0
123112,201809272144.0,33.1578,35.7952,0.4724,2018-09-27 21:46:20.530,,1.2,
123116,201809290218.0,32.8392,35.5594,0.1641,2018-09-29 02:20:10.600,,1.0,
123117,201809290251.0,32.8406,35.562,3.6281,2018-09-29 02:53:03.830,,1.2,
123118,201809291334.0,32.8163,35.5972,6.541,2018-09-29 13:36:02.160,,1.9,1.9
123119,201809291808.0,33.2369,35.5663,0.3921,2018-09-29 18:12:01.230,,0.7,
123120,201809291926.0,33.1777,35.393,14.0113,2018-09-29 19:28:16.040,,0.9,
123127,201810020150.0,33.2935,35.6092,10.0189,2018-10-02 01:52:22.550,,1.5,
123128,201810020242.0,32.8863,35.6332,23.2007,2018-10-02 02:44:23.320,,1.1,
123129,201810020445.0,32.8158,35.5618,7.1044,2018-10-02 04:47:53.370,,1.4,
123132,201810031633.0,33.1886,35.5934,16.0946,2018-10-03 16:35:25.530,,1.2,
123134,201810032215.0,32.845,35.5904,2.0615,2018-10-03 22:17:24.880,,0.4,
123136,201810032251.0,32.8526,35.5593,0.2351,2018-10-03 22:52:49.030,,0.9,
123140,201810042036.0,32.8515,35.5299,5.6598,2018-10-04 20:38:18.040,,1.0,
123141,201810050223.0,33.2798,35.6376,4.2276,2018-10-05 02:25:27.910,,1.1,
123142,201810051148.0,32.8603,35.5576,5.3032,2018-10-05 11:49:34.640,,1.8,1.8
123144,201810061227.0,32.8706,35.587,7.768,2018-10-06 12:29:11.690,,1.8,
123151,201810081959.0,33.021,35.424,20.491,2018-10-08 20:01:06.960,,1.3,
123152,201810090313.0,32.8632,35.5601,7.0935,2018-10-09 03:15:08.740,,1.4,
123162,201810111057.0,32.8307,35.3595,0.0,2018-10-11 10:58:54.290,,1.6,
123166,201810111547.0,33.3164,35.6223,9.8637,2018-10-11 15:49:52.540,,1.7,
123169,201810120743.0,32.8141,35.6313,0.837,2018-10-12 07:45:11.300,,1.3,
123176,201810140017.0,33.3119,35.4229,10.6104,2018-10-14 00:19:30.380,,2.0,
123180,201810160649.0,32.9689,35.5944,21.2217,2018-10-16 06:51:09.140,,1.8,
123182,201810162226.0,33.2135,35.7761,15.2289,2018-10-16 22:27:58.710,,1.2,
123184,201810172257.0,32.774,35.3681,17.3212,2018-10-17 22:59:23.380,,1.1,
123185,201810180001.0,33.1151,35.8872,6.4794,2018-10-18 00:02:20.800,,1.4,
123193,201810192315.0,32.9691,35.6792,17.8717,2018-10-19 23:17:01.440,,0.9,
123196,201810202228.0,32.8527,35.57,0.4463,2018-10-20 22:30:50.060,,1.1,
123200,201810250132.0,32.8551,35.5738,0.9896,2018-10-25 01:34:22.160,,0.8,
123202,201810270425.0,33.1975,35.6698,7.7458,2018-10-27 04:26:44.970,,0.7,
123203,201810270539.0,33.1584,35.4533,16.724,2018-10-27 05:40:31.480,,1.3,
123204,201810270840.0,32.8384,35.5777,4.1308,2018-10-27 08:41:21.790,,1.3,
123205,201810272334.0,32.8461,35.5582,6.5222,2018-10-27 23:35:01.530,,1.7,
123206,201810280116.0,32.7945,35.5684,5.6059,2018-10-28 01:18:45.530,,1.2,
123207,201810280221.0,32.7963,35.5575,11.4226,2018-10-28 02:23:26.660,,0.9,
123208,201810281802.0,32.8329,35.5739,0.6171,2018-10-28 18:03:17.190,,2.0,1.9
123209,201810291134.0,33.2045,35.5684,22.4297,2018-10-29 11:36:54.140,,1.1,
123212,201810300202.0,32.8032,35.5188,7.9654,2018-10-30 02:03:57.780,,0.8,
123216,201810312155.0,32.8481,35.5561,5.7257,2018-10-31 21:57:35.860,,1.0,
123217,201811011500.0,32.8416,35.5328,5.8485,2018-11-01 15:02:04.410,,0.9,
123218,201811020206.0,32.8177,35.5805,6.2475,2018-11-02 02:07:42.860,,1.6,
123231,201811041505.0,32.8424,35.571,7.934,2018-11-04 15:06:21.460,,1.8,1.6
123234,201811052214.0,32.8383,35.6009,8.0334,2018-11-05 22:16:15.960,,0.9,
123235,201811062232.0,32.9954,35.582,23.0601,2018-11-06 22:33:27.740,,0.8,
123236,201811070218.0,32.8423,35.5616,0.4927,2018-11-07 02:20:06.980,,1.0,
123248,201811101622.0,32.8431,35.574,4.4536,2018-11-10 16:24:04.080,,2.3,2.3
123250,201811110440.0,33.2652,35.7985,9.9689,2018-11-11 04:41:52.140,,2.5,2.5
123252,201811111500.0,32.8316,35.5335,2.4726,2018-11-11 15:02:35.400,,1.0,
123257,201811130054.0,32.9367,35.6196,26.1016,2018-11-13 00:56:24.280,,1.3,
123258,201811131652.0,32.861,35.598,8.2547,2018-11-13 16:54:18.520,,0.6,
123261,201811142239.0,33.166,35.7622,16.7342,2018-11-14 22:41:12.990,,1.4,
123262,201811161521.0,32.913,35.5758,22.2656,2018-11-16 15:22:35.440,,1.0,
123263,201811161858.0,32.8525,35.5809,6.0548,2018-11-16 18:59:18.790,,1.3,
123264,201811172241.0,32.8515,35.5717,2.6942,2018-11-17 22:42:54.890,,1.3,
123266,201811181803.0,32.97,35.5763,3.4732,2018-11-18 18:04:57.910,,1.0,
123268,201811210617.0,32.8521,35.5754,1.0348,2018-11-21 06:18:53.810,,1.6,
123269,201811210852.0,32.8604,35.5736,7.5261,2018-11-21 08:53:32.450,,1.6,
123270,201811212029.0,32.8534,35.5803,7.9559,2018-11-21 20:30:11.460,,1.4,
123272,201811220926.0,32.869,35.5791,8.0974,2018-11-22 09:27:28.430,,1.3,
123274,201811221412.0,33.0841,35.614,16.3469,2018-11-22 14:13:56.070,,1.9,1.7
123279,201811231132.0,32.8561,35.5502,6.9561,2018-11-23 11:34:09.800,,1.3,
123281,201811231613.0,33.2913,35.8235,0.5377,2018-11-23 16:14:48.960,,1.2,
123282,201811231904.0,33.1505,35.5952,15.2712,2018-11-23 19:06:11.950,,0.8,
123286,201811252336.0,32.8651,35.5747,6.8423,2018-11-25 23:36:30.730,,0.9,
123288,201811270046.0,32.8344,35.5635,5.2441,2018-11-27 00:48:20.530,,0.7,
123294,201811282310.0,33.134,35.7389,11.3327,2018-11-28 23:12:14.640,,1.0,
123304,201812081855.0,33.2732,35.809,15.8552,2018-12-08 18:57:04.790,,0.9,
123309,201812141404.0,32.8486,35.6406,18.6859,2018-12-14 14:05:55.940,,1.3,
123319,201812231137.0,33.0113,35.4031,21.434,2018-12-23 11:38:40.850,,1.5,
123323,201812250014.0,33.098,35.5473,19.2218,2018-12-25 00:16:40.000,,0.9,
123325,201812260052.0,32.9169,35.6947,7.2926,2018-12-26 00:53:56.140,,2.7,2.5
123333,201812262017.0,32.8405,35.5742,0.3874,2018-12-26 20:18:30.540,,0.9,
123338,201812290509.0,33.1686,35.3564,13.9891,2018-12-29 05:10:47.020,,1.5,
123339,201812301222.0,32.8629,35.5722,0.3599,2018-12-30 12:24:22.570,,1.5,
123341,201812311909.0,32.9028,35.7008,8.9187,2018-12-31 19:10:59.710,,1.3,
123342,201901012107.0,32.859,35.583,6.881,2019-01-01 21:08:27.950,,1.2,
123343,201901030047.0,32.8345,35.5621,6.5998,2019-01-03 00:48:55.190,,1.3,
123344,201901031305.0,33.4101,35.6117,5.2158,2019-01-03 13:06:34.720,,2.2,2.0
123349,201901080047.0,32.821,35.5942,3.9633,2019-01-08 00:49:42.220,,1.9,
123356,201901160332.0,32.8887,35.5878,6.2668,2019-01-16 03:34:23.810,,1.4,
123360,201901170112.0,32.8587,35.5787,5.308,2019-01-17 01:14:49.030,,0.6,
123369,201901222337.0,32.9907,35.5589,18.3321,2019-01-22 23:38:50.550,,0.8,
123370,201901230532.0,32.8421,35.5763,5.5899,2019-01-23 05:33:57.410,,2.3,
123373,201901232146.0,32.8414,35.5662,0.923,2019-01-23 21:48:11.430,,2.4,2.4
123374,201901240401.0,32.8498,35.563,7.3057,2019-01-24 04:02:45.670,,1.2,
123375,201901242003.0,32.7717,35.3194,5.96,2019-01-24 20:04:58.760,,3.3,3.3
123377,201901270502.0,32.8469,35.5759,10.5,2019-01-27 05:04:19.300,,0.8,
123379,201901282009.0,32.9351,35.3051,18.4462,2019-01-28 20:12:01.490,,,
123384,201901310624.0,32.8336,35.5767,5.3325,2019-01-31 06:25:54.700,,2.2,2.0
123385,201901311142.0,32.842,35.5743,6.8346,2019-01-31 11:43:19.780,,2.5,2.5
123388,201902021202.0,32.8552,35.58,5.1831,2019-02-02 12:03:52.940,,1.8,
123390,201902040058.0,32.8331,35.6385,21.8556,2019-02-04 00:59:47.440,,1.2,
123393,201902051853.0,33.1315,35.7608,7.8931,2019-02-05 18:55:34.160,,1.1,
123394,201902060433.0,32.8089,35.4676,6.2349,2019-02-06 04:35:46.100,,1.1,
123397,201902071026.0,32.8011,35.5413,0.2472,2019-02-07 10:27:45.960,,1.2,
123399,201902080234.0,33.1138,35.6226,20.4699,2019-02-08 02:36:16.670,,1.0,
123400,201902080617.0,32.8401,35.5698,6.3839,2019-02-08 06:19:19.930,,1.7,0.7
123403,201902100300.0,32.8959,35.6775,5.7315,2019-02-10 03:01:57.630,,1.7,
123415,201902140018.0,33.3224,35.4158,0.7456,2019-02-14 00:19:16.770,,1.5,
123433,201903072051.0,33.1211,35.7213,8.5648,2019-03-07 20:53:03.270,,1.7,
123437,201903122133.0,33.3874,35.8678,7.9613,2019-03-12 21:34:27.360,,2.1,
123438,201903122350.0,32.8632,35.4798,9.5338,2019-03-12 23:52:53.270,,1.2,
123442,201903152319.0,33.2896,35.6646,0.9301,2019-03-15 23:21:13.890,,0.6,
123446,201903190130.0,32.8434,35.5939,10.8697,2019-03-19 01:31:43.410,,0.9,
123448,201903190554.0,32.9653,35.6439,17.2071,2019-03-19 05:55:54.810,,1.4,
123451,201903201453.0,32.8538,35.5741,6.2412,2019-03-20 14:55:29.610,,1.7,
123454,201903251623.0,33.439,35.5926,23.7553,2019-03-25 16:25:33.150,,1.4,
123455,201903252033.0,33.0075,35.6093,19.5275,2019-03-25 20:34:42.520,,1.1,
123465,201903292017.0,32.8602,35.5744,6.7993,2019-03-29 20:18:11.040,,1.8,1.7
123467,201904010124.0,32.8576,35.6653,10.8968,2019-04-01 01:26:55.200,,0.7,
123468,201904010316.0,33.3469,35.6112,8.0129,2019-04-01 03:16:53.420,,1.5,
123471,201904041224.0,32.7705,35.5878,12.9134,2019-04-04 12:26:06.640,,1.7,1.5
123472,201904041750.0,33.4044,35.4494,20.0984,2019-04-04 17:52:18.030,,1.4,
123476,201904080618.0,33.3013,35.7128,4.0039,2019-04-08 06:19:27.660,,0.8,
123478,201904100112.0,32.8531,35.5588,0.5302,2019-04-10 01:14:47.390,,0.4,
123482,201904151658.0,32.8636,35.5632,6.966,2019-04-15 17:00:15.380,,1.3,
123484,201904170025.0,33.121,35.4381,0.0939,2019-04-17 00:26:05.730,,1.2,
123489,201904190447.0,32.8282,35.5724,7.2096,2019-04-19 04:48:56.880,,1.5,
123492,201904222126.0,32.8419,35.5936,8.9885,2019-04-22 21:28:28.710,,2.1,
123495,201904241717.0,32.9779,35.3864,21.3034,2019-04-24 17:20:23.040,,1.3,
123514,201905031733.0,32.8512,35.5715,0.1624,2019-05-03 17:35:18.260,,1.4,
123516,201905050206.0,32.8487,35.5647,6.4992,2019-05-05 02:08:08.230,,1.7,
123517,201905050208.0,32.8456,35.5625,5.4888,2019-05-05 02:10:12.760,,1.5,
123518,201905051218.0,33.1754,35.7254,0.282,2019-05-05 12:19:55.310,,1.1,
123519,201905051627.0,32.8545,35.6684,22.0127,2019-05-05 16:28:27.710,,1.1,
123521,201905061835.0,32.8446,35.5614,4.9778,2019-05-06 18:37:24.600,,1.4,
123522,201905070857.0,32.8669,35.5661,0.7898,2019-05-07 08:58:47.380,,1.4,
123527,201905111955.0,33.1903,35.6728,7.5156,2019-05-11 19:57:10.510,,0.7,
123535,201905151736.0,32.8138,35.5992,2.6466,2019-05-15 17:37:35.770,,1.3,
123537,201905161441.0,32.9472,35.6141,0.1149,2019-05-16 14:42:43.680,,1.1,
123541,201905170214.0,32.9203,35.6103,17.1237,2019-05-17 02:15:46.110,,1.1,
123549,201905191445.0,32.8002,35.5765,6.8071,2019-05-19 14:47:35.630,,1.6,
123551,201905200021.0,32.8058,35.5785,7.351,2019-05-20 00:22:58.530,,1.7,
123554,201905232259.0,32.5388,35.4912,20.7291,2019-05-23 23:01:03.570,,1.1,
123571,201905281003.0,33.0962,35.6084,15.297,2019-05-28 10:04:52.640,,1.5,
123579,201906020039.0,33.2896,35.8575,10.7372,2019-06-02 00:43:04.330,,1.4,
123585,201906032252.0,32.8613,35.5698,7.0993,2019-06-03 22:54:18.730,,1.3,
123590,201906070156.0,33.2559,35.676,3.2328,2019-06-07 02:00:10.330,,0.8,
123593,201906090339.0,33.257,35.6679,10.3984,2019-06-09 03:40:42.440,,1.8,
123613,201906151005.0,32.8823,35.5872,8.1072,2019-06-15 10:06:51.620,,1.9,
123614,201906151934.0,33.3398,35.7745,6.8303,2019-06-15 19:36:10.880,,1.6,
123615,201906152041.0,33.3404,35.4267,1.9723,2019-06-15 20:42:53.860,,1.7,
123618,201906160120.0,33.1939,35.4588,7.1985,2019-06-16 01:22:00.090,,1.2,
123622,201906181528.0,32.7677,35.5163,3.9094,2019-06-18 15:30:30.460,,1.0,
123624,201906192231.0,32.8814,35.5406,4.792,2019-06-19 22:32:51.110,,1.4,
123635,201906232006.0,32.8131,35.6356,21.632,2019-06-23 20:07:36.450,,1.0,
123636,201906240546.0,33.2886,35.5209,0.3847,2019-06-24 05:48:48.200,,1.2,
123662,201907011919.0,32.5272,35.5148,16.6096,2019-07-01 19:20:14.180,,1.6,
123663,201907011933.0,32.8814,35.5374,0.5476,2019-07-01 19:34:52.590,,1.3,
123664,201907020015.0,33.2351,35.6023,39.9443,2019-07-02 00:15:38.750,,1.1,
123668,201907031542.0,32.759,35.5688,9.8517,2019-07-03 15:43:57.920,,0.9,
123669,201907031545.0,32.906,35.5604,0.2332,2019-07-03 15:46:44.570,,0.8,
123674,201907051953.0,33.2373,35.4572,10.8019,2019-07-05 19:55:22.080,,1.3,
123686,201907161643.0,33.0517,35.5831,0.0381,2019-07-16 16:44:56.340,,2.0,
123703,201907230101.0,32.8852,35.5278,3.1328,2019-07-23 01:03:03.570,,0.8,
123704,201907240333.0,32.7654,35.3627,4.9424,2019-07-24 03:34:58.410,,2.1,
123711,201907302255.0,33.1355,35.6048,20.3703,2019-07-30 22:56:55.070,,1.3,
123713,201908021632.0,32.8512,35.5917,7.665,2019-08-02 16:33:34.400,,2.4,2.3
123714,201908030024.0,32.8636,35.5661,0.5559,2019-08-03 00:25:58.360,,1.2,
123720,201908051903.0,33.4059,35.4826,1.1516,2019-08-05 19:05:07.390,,2.1,
123721,201908062341.0,32.8484,35.5817,8.4892,2019-08-06 23:43:11.080,,1.3,
123722,201908070111.0,33.0825,35.6261,0.2087,2019-08-07 01:13:19.940,,0.8,
123724,201908090223.0,33.3419,35.4397,6.7592,2019-08-09 02:24:29.160,,2.8,
123725,201908090237.0,33.3313,35.4448,6.8798,2019-08-09 02:38:50.070,,1.9,
123728,201908110657.0,32.5715,35.5982,21.7196,2019-08-11 06:59:25.720,,1.4,
123730,201908122128.0,33.3302,35.4402,7.2253,2019-08-12 21:29:49.980,,2.1,
123731,201908122133.0,33.3274,35.4549,0.3456,2019-08-12 21:36:34.940,,1.4,
123732,201908130008.0,33.3328,35.442,8.3601,2019-08-13 00:10:17.580,,1.7,
123737,201908212343.0,32.7769,35.6438,6.0696,2019-08-21 23:44:52.440,,1.3,
123739,201908222210.0,33.0507,35.5776,0.4276,2019-08-22 22:12:09.890,,2.0,
123740,201908240528.0,32.9736,35.4012,8.8507,2019-08-24 05:30:06.300,,2.0,
123742,201908241814.0,33.2533,35.3529,12.7123,2019-08-24 18:15:56.000,,1.6,
123744,201908250548.0,33.0031,35.4023,12.4647,2019-08-25 05:49:32.030,,2.0,
123750,201908300234.0,32.8513,35.5914,1.2221,2019-08-30 02:36:16.100,,0.7,
123752,201909012202.0,32.8491,35.6374,16.621,2019-09-01 22:04:02.670,,1.5,
123755,201909030133.0,33.3652,35.543,3.924,2019-09-03 01:34:54.640,,1.3,
123759,201909061755.0,33.0898,35.6395,17.5237,2019-09-06 17:57:12.060,,1.1,
123762,201909101959.0,33.2621,35.5455,12.0972,2019-09-10 20:00:43.210,,1.5,
123763,201909102005.0,33.2738,35.5351,13.0067,2019-09-10 20:06:28.330,,1.5,
123764,201909120354.0,33.3465,35.7879,6.8587,2019-09-12 03:55:31.690,,1.9,
123768,201909141625.0,33.1145,35.5312,0.2816,2019-09-14 16:27:00.850,,2.1,
123782,201909230138.0,33.1452,35.5842,18.0629,2019-09-23 01:41:12.310,,1.2,
123785,201909240047.0,32.9994,35.5337,7.7391,2019-09-24 00:48:32.770,,1.1,
123787,201909250102.0,33.203,35.6884,17.054,2019-09-25 01:03:54.050,,0.8,
123790,201909281024.0,33.3406,35.5929,9.7151,2019-09-28 10:26:24.550,,0.9,
123793,201910011637.0,32.8534,35.5787,5.5998,2019-10-01 16:39:05.060,,1.4,
123795,201910020614.0,32.8324,35.5964,6.6082,2019-10-02 06:16:57.430,,1.5,
123798,201910021852.0,32.829,35.5955,6.3618,2019-10-02 18:53:54.170,,1.4,
123800,201910040329.0,32.8268,35.5965,6.9078,2019-10-04 03:31:18.400,,1.6,
123804,201910051409.0,33.3174,35.5828,2.3967,2019-10-05 14:10:27.740,,2.1,2.0
123806,201910060513.0,33.0212,35.6116,14.8706,2019-10-06 05:14:59.680,,2.2,2.1
123807,201910060801.0,32.8133,35.5595,4.1118,2019-10-06 08:01:41.810,,1.2,
123812,201910081814.0,33.1942,35.7056,9.0925,2019-10-08 18:16:10.590,,1.4,
123816,201910101850.0,33.0723,35.5661,0.0,2019-10-10 18:53:35.640,,0.7,
123832,201910151915.0,32.9919,35.6034,16.6838,2019-10-15 19:15:58.420,,1.6,
123835,201910172127.0,32.7994,35.5644,0.8128,2019-10-17 21:28:49.140,,1.2,
123837,201910181410.0,33.024,35.6227,13.8497,2019-10-18 14:12:23.240,,1.3,
123838,201910181829.0,33.1256,35.6228,16.1569,2019-10-18 18:31:43.850,,1.4,
123845,201910232056.0,33.323,35.4079,7.2792,2019-10-23 20:57:29.140,,1.9,
123846,201910232116.0,33.2326,35.7806,8.5664,2019-10-23 21:18:02.860,,1.5,
123849,201910270327.0,33.0715,35.967,5.5499,2019-10-27 03:29:16.100,,1.5,
123850,201910270831.0,33.0891,35.6171,20.3484,2019-10-27 08:33:32.840,,1.5,
123851,201910280045.0,33.3425,35.6004,7.5889,2019-10-28 00:46:44.670,,1.3,
123853,201910282358.0,33.2788,35.6095,0.2332,2019-10-29 00:00:55.940,,0.9,
123859,201910311133.0,33.118,35.615,5.5803,2019-10-31 11:34:57.710,,1.7,
123861,201910312156.0,32.9839,35.5468,9.0224,2019-10-31 21:58:34.590,,0.9,
123862,201911010053.0,32.8724,35.5756,4.8639,2019-11-01 00:55:11.000,,1.4,
123863,201911011839.0,32.8861,35.5781,7.9235,2019-11-01 18:40:41.340,,3.1,3.1
123864,201911020205.0,33.1242,35.5993,3.7553,2019-11-02 02:06:21.880,,0.4,
123865,201911020412.0,32.8586,35.5925,4.4795,2019-11-02 04:13:52.390,,1.6,
123867,201911021405.0,32.862,35.5963,6.5442,2019-11-02 14:07:10.340,,1.7,
123874,201911040854.0,32.873,35.5892,0.0,2019-11-04 08:55:45.820,,1.5,
123887,201911071527.0,32.8824,35.5727,2.727,2019-11-07 15:29:02.220,,2.2,
123893,201911102013.0,32.8609,35.5652,4.9934,2019-11-10 20:15:33.610,,1.3,
123902,201911131939.0,32.8135,35.612,8.0946,2019-11-13 19:41:45.870,,1.6,
123904,201911142311.0,33.3779,35.6652,10.9832,2019-11-14 23:11:31.940,,1.6,
123911,201911171955.0,33.1777,35.5588,8.2694,2019-11-17 19:56:52.610,,0.6,
123913,201911172125.0,33.2253,35.7043,1.28,2019-11-17 21:26:33.450,,1.9,
123915,201911181237.0,33.1151,35.7461,14.9207,2019-11-18 12:39:43.690,,1.1,
123925,201911231543.0,32.8609,35.5792,6.7642,2019-11-23 15:44:51.170,,2.2,
123926,201911231554.0,32.8606,35.5833,5.6824,2019-11-23 15:55:56.650,,1.5,
123927,201911231919.0,32.8669,35.5891,0.3991,2019-11-23 19:21:18.660,,0.9,
123932,201911250355.0,32.8518,35.5659,0.2874,2019-11-25 03:57:22.810,,1.2,
123950,201911282141.0,33.1066,35.4753,0.326,2019-11-28 21:42:55.460,,1.0,
123958,201912011319.0,32.8815,35.5669,6.6572,2019-12-01 13:20:14.870,,2.0,
123959,201912011854.0,32.8629,35.5889,7.8203,2019-12-01 18:56:01.610,,1.2,
123960,201912030203.0,32.7864,35.5358,7.4629,2019-12-03 02:06:42.900,,1.1,
123961,201912030232.0,32.8255,35.5798,0.4615,2019-12-03 02:34:43.590,,1.6,
123967,201912051546.0,33.1749,35.6029,17.3041,2019-12-05 15:47:46.920,,1.6,
123972,201912060938.0,33.2453,35.7028,7.2672,2019-12-06 09:39:45.890,,1.0,
123973,201912061851.0,32.8695,35.7294,12.8462,2019-12-06 18:54:47.960,,1.4,
123975,201912070300.0,33.2036,35.6134,3.1378,2019-12-07 03:02:10.060,,0.4,
123981,201912092303.0,32.7551,35.5852,5.9424,2019-12-09 23:05:37.310,,1.5,
123987,201912101805.0,32.7539,35.5844,12.7589,2019-12-10 18:07:08.480,,1.5,
124001,201912182033.0,32.8794,35.602,0.2296,2019-12-18 20:34:33.510,,1.0,
124007,201912210001.0,32.8928,35.5521,0.4814,2019-12-21 00:03:10.090,,0.6,
124008,201912212330.0,33.3615,35.4317,9.4627,2019-12-21 23:31:50.720,,1.3,
124013,201912262203.0,33.1852,35.2921,0.2856,2019-12-26 22:05:25.380,,1.5,
124016,201912282202.0,33.1461,35.5838,13.2092,2019-12-28 22:04:43.660,,1.2,
124023,202001042250.0,32.9825,35.5025,2.7504,2020-01-04 22:52:04.820,,1.3,
124024,202001042311.0,32.7353,35.6062,0.0,2020-01-04 23:13:08.310,,1.1,
124030,202001090520.0,32.9438,35.485,8.53,2020-01-09 05:22:17.940,,1.9,
124032,202001121944.0,33.216,35.6982,3.5739,2020-01-12 19:45:49.520,,1.3,
124034,202001131124.0,33.0571,35.4024,16.2788,2020-01-13 11:27:35.170,,1.1,
124041,202001160851.0,33.316,35.5202,0.1454,2020-01-16 08:52:34.010,,1.8,
124045,202001181304.0,33.3595,35.6759,1.2717,2020-01-18 13:06:28.420,,1.4,
124057,202001232257.0,33.1355,35.5946,3.1582,2020-01-23 22:58:17.110,,1.1,
124063,202001270226.0,33.1859,35.3954,2.3939,2020-01-27 02:27:13.100,,1.7,
124067,202001301526.0,32.7678,35.59,4.5268,2020-01-30 15:27:25.370,,1.3,
124068,202001301852.0,32.5647,35.6177,5.8416,2020-01-30 18:53:12.380,,1.3,
124076,202002031025.0,33.1791,35.7057,0.2523,2020-02-03 10:26:39.730,,2.0,
124096,202002062051.0,33.2849,35.6038,7.5093,2020-02-06 20:53:25.770,,1.3,
124100,202002082138.0,33.2747,35.6622,2.5838,2020-02-08 21:41:34.180,,1.2,
124101,202002092229.0,32.8443,35.5387,0.0,2020-02-09 22:33:09.800,,1.5,
124121,202002251611.0,32.7986,35.6546,21.8558,2020-02-25 16:13:25.610,,1.5,
124126,202002261808.0,33.2747,35.6853,11.5716,2020-02-26 18:10:23.340,,1.3,
124131,202002280416.0,33.1259,35.7233,12.1946,2020-02-28 04:19:24.860,,1.1,
124140,202003031748.0,32.8865,35.5924,7.4067,2020-03-03 17:49:45.520,,1.6,
124156,202003130358.0,33.1756,35.6099,17.9946,2020-03-13 03:59:54.030,,1.3,
124161,202003151213.0,32.9756,35.5798,20.1888,2020-03-15 12:14:31.210,,1.7,
124162,202003151214.0,32.9168,35.4525,0.0,2020-03-15 12:15:05.210,,1.4,
124171,202003201305.0,33.0155,35.662,10.7118,2020-03-20 13:08:33.570,,0.9,
124183,202003270346.0,33.0817,35.5802,20.1493,2020-03-27 03:47:51.200,,1.4,
124197,202003310340.0,33.111,35.6929,11.8629,2020-03-31 03:41:50.290,,1.2,
124198,202003311151.0,33.3805,35.5987,14.36,2020-03-31 11:53:09.690,,1.9,
124200,202004010859.0,33.0136,35.6404,11.991,2020-04-01 08:59:55.720,,1.7,
124201,202004011426.0,33.2203,35.7344,0.2203,2020-04-01 14:27:55.680,,1.6,
124204,202004020051.0,33.1646,35.5879,18.6989,2020-04-02 00:53:11.930,,1.1,
124205,202004020110.0,33.1541,35.6024,16.3195,2020-04-02 01:12:17.400,,1.6,
124206,202004020111.0,33.1248,35.5937,5.9984,2020-04-02 01:12:23.510,,1.5,
124208,202004020438.0,33.1513,35.5881,15.897,2020-04-02 04:40:38.340,,1.3,
124209,202004020935.0,33.144,35.595,15.4884,2020-04-02 09:37:07.750,,1.2,
124210,202004021436.0,33.1399,35.5925,14.5058,2020-04-02 14:37:47.400,,0.8,
124211,202004021556.0,33.1489,35.5912,15.2544,2020-04-02 15:57:53.820,,1.5,
124212,202004021653.0,33.161,35.5837,16.3641,2020-04-02 16:55:02.080,,1.5,
124213,202004021655.0,33.1531,35.6028,17.2886,2020-04-02 16:56:45.320,,0.9,
124214,202004021659.0,33.1591,35.5912,17.5222,2020-04-02 17:01:46.150,,1.5,
124215,202004021719.0,33.1514,35.5881,17.3607,2020-04-02 17:21:16.670,,1.4,
124216,202004021732.0,33.1646,35.6755,2.4427,2020-04-02 17:32:50.340,,0.8,
124219,202004021831.0,33.1577,35.5852,14.5387,2020-04-02 18:33:10.240,,1.1,
124220,202004022040.0,33.1197,35.6126,16.3515,2020-04-02 20:41:42.870,,0.8,
124221,202004030910.0,33.1403,35.5803,9.3714,2020-04-03 09:11:49.120,,2.3,
124222,202004030911.0,33.1498,35.6083,15.2407,2020-04-03 09:12:23.010,,1.8,
124223,202004030912.0,33.1495,35.5991,16.1194,2020-04-03 09:13:41.670,,1.7,
124224,202004030934.0,33.1291,35.6073,7.8722,2020-04-03 09:35:19.320,,1.4,
124225,202004031015.0,33.1293,35.632,15.1595,2020-04-03 10:16:15.880,,1.5,
124226,202004031512.0,33.1727,35.5723,19.015,2020-04-03 15:12:33.390,,1.2,
124227,202004031547.0,33.1317,35.6057,5.3571,2020-04-03 15:47:49.200,,1.0,
124228,202004040028.0,33.1463,35.5794,10.6541,2020-04-04 00:30:11.720,,2.1,
124229,202004040045.0,33.149,35.5742,10.2302,2020-04-04 00:47:11.580,,2.2,
124230,202004040054.0,33.1521,35.5887,15.0954,2020-04-04 00:54:46.890,,1.5,
124231,202004040118.0,33.1713,35.6048,18.4645,2020-04-04 01:18:57.520,,1.2,
124232,202004040126.0,33.1453,35.5974,13.9621,2020-04-04 01:27:07.160,,1.1,
124236,202004040433.0,33.1451,35.5854,14.8562,2020-04-04 04:34:56.900,,1.3,
124237,202004040502.0,33.1705,35.5669,11.5071,2020-04-04 05:03:44.250,,1.2,
124239,202004040555.0,33.1675,35.6105,21.5106,2020-04-04 05:56:27.590,,1.6,
124240,202004040605.0,33.1457,35.594,15.0236,2020-04-04 06:07:35.560,,1.5,
124241,202004040607.0,33.1595,35.6211,14.2884,2020-04-04 06:09:45.770,,1.1,
124242,202004041035.0,33.1533,35.6035,14.4811,2020-04-04 10:35:37.260,,1.3,
124244,202004041407.0,33.1555,35.5932,16.4805,2020-04-04 14:07:33.130,,1.5,
124245,202004041409.0,33.1499,35.575,12.8676,2020-04-04 14:10:22.750,,1.4,
124246,202004041458.0,33.1221,35.6151,0.366,2020-04-04 14:58:50.100,,1.4,
124249,202004041837.0,33.1594,35.5914,16.7913,2020-04-04 18:37:49.380,,1.4,
124251,202004042003.0,33.1189,35.6382,16.6738,2020-04-04 20:03:26.650,,1.0,
124253,202004042259.0,33.144,35.5651,10.5323,2020-04-04 23:02:45.500,,1.2,
124254,202004042335.0,33.1301,35.6044,11.6824,2020-04-04 23:36:12.400,,1.3,
124256,202004051408.0,33.1527,35.5932,15.9269,2020-04-05 14:10:02.890,,1.0,
124258,202004051806.0,33.1354,35.6138,14.4733,2020-04-05 18:07:39.760,,0.9,
124259,202004051808.0,33.1607,35.5851,16.3858,2020-04-05 18:10:30.370,,0.6,
124260,202004051827.0,33.1378,35.5847,9.5651,2020-04-05 18:28:41.270,,2.1,2.0
124261,202004051830.0,33.1402,35.5946,14.6194,2020-04-05 18:31:57.150,,1.0,
124262,202004051936.0,33.1431,35.6009,16.8008,2020-04-05 19:37:19.870,,0.8,
124263,202004052238.0,33.1528,35.6078,19.431,2020-04-05 22:40:22.380,,0.7,
124264,202004052348.0,33.1395,35.5879,12.6755,2020-04-05 23:49:35.330,,0.7,
124265,202004052355.0,33.157,35.5875,13.8165,2020-04-05 23:57:23.950,,0.8,
124267,202004062148.0,32.9686,35.4242,10.6489,2020-04-06 21:49:36.900,,0.9,
124268,202004071953.0,33.1123,35.6436,19.3328,2020-04-07 19:54:44.870,,1.3,
124269,202004072033.0,32.9746,35.6738,31.6607,2020-04-07 20:35:28.390,,1.1,
124270,202004072312.0,33.1438,35.601,16.0678,2020-04-07 23:14:17.090,,1.0,
124286,202004140428.0,33.2749,35.6076,0.4515,2020-04-14 04:29:10.940,,1.8,
124295,202004151952.0,32.8278,35.5852,17.2239,2020-04-15 19:54:08.690,,0.9,
124304,202004200249.0,33.2673,35.6663,0.378,2020-04-20 02:51:27.390,,1.0,
124349,202004251923.0,32.8402,35.5869,0.0,2020-04-25 19:24:59.050,,1.7,
124366,202005020219.0,32.4716,35.459,16.7221,2020-05-02 02:21:14.130,,1.5,
124373,202005051617.0,33.061,35.5322,0.0,2020-05-05 16:19:06.530,,1.7,
124374,202005051806.0,32.8894,35.6002,0.1284,2020-05-05 18:08:20.540,,1.4,
124385,202005080757.0,33.3183,35.6157,3.5474,2020-05-08 08:00:20.950,,1.9,
124397,202005101025.0,32.9643,35.6265,11.5494,2020-05-10 10:26:35.140,,2.1,
124399,202005110237.0,32.5733,35.6238,17.8832,2020-05-11 02:38:20.710,,3.2,
124408,202005160354.0,32.8561,35.5584,7.9462,2020-05-16 03:56:46.960,,1.9,
124409,202005160356.0,32.8584,35.5707,4.6062,2020-05-16 03:58:05.150,,1.4,
124426,202005260050.0,33.2056,35.5729,26.8878,2020-05-26 00:52:46.240,,1.0,
124431,202005262330.0,33.348,35.5931,7.7926,2020-05-26 23:32:09.350,,2.9,
124432,202005270002.0,33.3843,35.5931,9.6102,2020-05-27 00:03:59.650,,1.4,
124438,202005301220.0,33.4004,35.4819,1.9902,2020-05-30 12:23:18.070,,1.6,
124446,202006012016.0,33.0628,35.7713,18.833,2020-06-01 20:18:03.350,,1.2,
124452,202006050556.0,32.9893,35.2744,18.3176,2020-06-05 05:57:33.640,,2.2,
124460,202006090604.0,33.1817,35.5956,16.566,2020-06-09 06:06:09.410,,1.9,
124463,202006100730.0,32.8896,35.5471,0.3586,2020-06-10 07:32:24.550,,1.8,
124464,202006100731.0,32.8823,35.5584,0.0,2020-06-10 07:32:42.700,,1.5,
124465,202006100732.0,32.8935,35.5514,0.2447,2020-06-10 07:33:19.440,,1.8,
124469,202006120759.0,32.9825,35.7558,9.2636,2020-06-12 08:00:51.560,,1.4,
124473,202006150602.0,33.4004,35.8665,20.7426,2020-06-15 06:03:58.740,,2.2,
124480,202006172136.0,33.1634,35.6073,18.8517,2020-06-17 21:38:28.360,,1.2,
124481,202006180424.0,33.2713,35.612,10.3923,2020-06-18 04:25:39.900,,1.3,
124483,202006181336.0,33.2054,35.6832,12.5569,2020-06-18 13:38:52.240,,1.7,
124484,202006181346.0,33.1837,35.6845,8.1082,2020-06-18 13:48:21.930,,1.7,
124488,202006191518.0,33.3353,35.4673,1.0755,2020-06-19 15:20:05.270,,1.6,
124500,202006291429.0,33.1125,35.6145,18.012,2020-06-29 14:31:13.950,,1.6,
124505,202007031542.0,32.7542,35.428,14.2578,2020-07-03 15:44:04.800,,1.5,
124508,202007072228.0,33.0556,35.9297,2.183,2020-07-07 22:29:58.190,,2.5,
124510,202007090522.0,33.0606,35.6188,11.7091,2020-07-09 05:23:50.250,,1.5,
124512,202007110243.0,33.0744,35.4616,2.3065,2020-07-11 02:44:01.210,,1.8,
124514,202007121758.0,32.9169,35.4231,20.56,2020-07-12 18:00:37.100,,1.2,
124519,202007230444.0,32.6037,35.609,8.9418,2020-07-23 04:46:45.870,,1.7,
124520,202007230446.0,32.6113,35.632,3.1578,2020-07-23 04:48:01.570,,2.5,
124521,202007230935.0,33.0044,35.2726,22.8427,2020-07-23 09:35:59.680,,1.4,
124525,202007280313.0,32.5433,35.5471,23.8184,2020-07-28 03:14:13.720,,1.9,
124538,202008080335.0,33.3606,35.7894,6.2281,2020-08-08 03:36:23.550,,1.7,
124540,202008110839.0,32.9854,35.4334,17.5266,2020-08-11 08:40:24.410,,3.3,3.2
124558,202008231332.0,32.9868,35.6994,11.9504,2020-08-23 13:33:21.330,,1.1,
124562,202008262033.0,32.9869,35.6108,20.1921,2020-08-26 20:34:12.520,,1.3,
124570,202008300256.0,32.9701,35.6123,18.9265,2020-08-30 02:57:22.040,,1.1,
124579,202009021856.0,33.0513,35.8184,0.0,2020-09-02 18:59:33.160,,1.4,
124582,202009032203.0,33.0806,35.4364,3.6505,2020-09-03 22:04:50.480,,2.1,2.0
124604,202009180022.0,32.8442,35.5302,0.1699,2020-09-18 00:23:50.410,,1.3,
124605,202009180317.0,32.8118,35.7318,0.0,2020-09-18 03:18:43.840,,1.2,
124607,202009182045.0,32.8877,35.6453,20.6185,2020-09-18 20:46:08.340,,1.4,
124615,202009201554.0,33.0767,35.8586,25.7683,2020-09-20 15:55:26.450,,1.9,
124617,202009220125.0,32.6999,35.6035,0.4793,2020-09-22 01:27:16.720,,1.1,
124618,202009220614.0,32.8369,35.5886,7.5265,2020-09-22 06:15:12.990,,1.9,
124622,202009251030.0,32.4365,35.5762,18.1888,2020-09-25 10:33:03.610,,1.6,
124628,,33.3718,35.3429,0.1749,2020-09-28 05:21:53.470,,1.6,
124632,,33.381,35.6412,6.7403,2020-10-02 07:45:28.630,,1.6,
124633,,32.7316,35.4622,13.02,2020-10-04 00:18:44.360,,1.1,
124635,,32.9589,35.6262,19.9288,2020-10-04 11:25:07.580,,1.5,
124636,,33.2031,35.8639,21.961,2020-10-04 19:22:23.160,,1.0,
124637,,33.4312,35.4436,0.1707,2020-10-06 16:36:09.450,,1.6,
124638,,32.8388,35.5766,18.0619,2020-10-07 05:45:21.810,,1.6,
124640,,32.8833,35.4369,10.5422,2020-10-07 16:09:46.970,,1.5,
124645,,32.8689,35.5877,0.0,2020-10-09 10:13:42.180,,1.7,
124648,,33.0415,35.8721,1.0646,2020-10-10 11:30:18.350,,1.9,
124649,,32.9875,35.6218,21.2824,2020-10-10 22:21:09.550,,1.2,
124650,,32.8919,35.5504,0.0938,2020-10-12 22:28:11.240,,1.4,
124652,,33.1951,35.3496,21.5664,2020-10-13 17:24:19.930,,1.0,
124653,,33.1308,35.3743,17.2541,2020-10-13 19:16:46.360,,1.8,
124654,,32.866,35.5566,0.3182,2020-10-14 23:35:25.420,,1.2,
124657,,32.9728,35.5901,14.0414,2020-10-15 18:55:08.330,,1.6,
124660,,32.8538,35.6672,25.3885,2020-10-16 13:01:50.320,,1.3,
124666,,33.1338,35.7562,0.4469,2020-10-17 22:23:39.880,,1.3,
124668,,32.8132,35.54,9.1429,2020-10-18 12:00:04.820,,1.8,
124694,,33.2453,35.6443,7.0069,2020-10-30 09:37:08.200,,0.9,
124695,,32.9679,35.5432,0.0,2020-10-30 18:44:43.550,,1.1,
124698,,33.2931,35.5934,3.0707,2020-10-31 05:49:56.310,,1.3,
124700,,32.9496,35.3502,20.9842,2020-11-01 01:22:02.380,,1.3,
124703,,33.0296,35.9422,5.1105,2020-11-02 00:05:02.940,,1.6,
124704,,32.8564,35.6379,22.6111,2020-11-02 03:22:01.800,,1.2,
124709,,32.9554,35.6313,23.6904,2020-11-03 00:32:24.520,,1.6,
124725,,33.1181,35.6464,0.9164,2020-11-08 23:35:51.810,,1.9,
124727,,33.2857,35.5767,0.456,2020-11-09 08:02:21.200,,1.5,
124728,,32.8388,35.5445,0.3744,2020-11-09 08:45:49.710,,1.4,
124735,,32.8155,35.5337,0.0,2020-11-10 18:18:49.190,,1.4,
124741,,33.3549,35.4947,13.172,2020-11-11 00:31:06.200,,0.9,
124745,,32.8954,35.417,0.0,2020-11-12 06:05:16.340,,1.9,
124749,,33.3361,35.4707,0.4398,2020-11-13 23:57:55.810,,1.9,
124761,,32.8668,35.6584,14.5096,2020-11-20 22:07:46.840,,1.1,
124779,,32.8268,35.5824,0.0189,2020-11-30 10:32:06.260,,1.7,
124780,,32.8263,35.5774,0.488,2020-11-30 10:35:12.710,,1.8,
124788,,33.131,35.5605,0.371,2020-12-04 02:06:16.330,,1.2,
124791,,32.64,35.6353,7.6986,2020-12-04 23:22:05.700,,1.5,
124792,,32.8515,35.5311,0.4712,2020-12-05 08:37:57.850,,1.8,
124797,,32.5165,35.4883,15.3125,2020-12-05 20:50:43.650,,1.8,
124800,,33.1135,35.5927,21.5289,2020-12-07 00:02:17.690,,0.8,
124825,,33.1029,35.598,0.4995,2020-12-14 07:58:11.270,,1.6,
124833,,32.8171,35.5115,0.0,2020-12-16 22:30:32.730,,1.4,
124838,,32.8478,35.613,0.207,2020-12-19 00:50:15.740,,1.5,
124856,,33.0942,35.6384,8.0254,2020-12-25 23:07:56.240,,2.0,
124860,,32.8804,35.5634,6.2382,2020-12-26 21:09:36.790,,3.1,
124861,,32.8688,35.557,0.4659,2020-12-26 23:19:16.250,,1.2,
124864,,32.6946,35.6392,0.0194,2020-12-28 19:12:04.870,,1.4,
124871,,33.1361,35.6283,0.1917,2020-12-30 22:10:21.860,,1.4,
124890,,32.999,35.4282,17.66,2021-01-03 15:57:47.260,,0.9,
124893,,32.734,35.2884,0.0,2021-01-05 18:23:43.550,,1.7,
124896,,33.1492,35.648,1.6173,2021-01-07 17:22:46.580,,1.4,
124902,,32.921,35.6362,20.1337,2021-01-09 13:51:40.190,,1.0,
124904,,33.1403,35.577,16.0377,2021-01-10 15:10:54.290,,1.0,
124905,,32.7891,35.5748,11.5456,2021-01-10 18:05:56.900,,1.0,
124908,,33.1379,35.5889,15.0723,2021-01-13 22:51:12.870,,0.9,
124933,,32.7795,35.6714,17.5105,2021-01-21 17:39:43.110,,1.6,
124939,,32.8586,35.562,2.0313,2021-01-23 17:35:03.510,,0.6,
124940,,32.8123,35.6761,14.8919,2021-01-23 20:04:12.350,,1.8,
124941,,33.1189,35.6479,0.0574,2021-01-25 10:43:48.370,,2.0,
124952,,32.7132,35.5936,10.4803,2021-01-28 13:16:07.450,,1.8,
124959,,32.8962,35.5756,5.33,2021-02-03 23:59:11.390,,1.3,
124967,,32.8146,35.5865,15.057,2021-02-05 23:46:06.580,,1.4,
124969,,32.8889,35.5573,0.7962,2021-02-06 01:52:28.400,,1.3,
124975,,32.8838,35.6085,0.2025,2021-02-07 15:15:11.750,,1.4,
124982,,32.8548,35.5718,0.1324,2021-02-09 20:23:27.550,,1.1,
124986,,32.7237,35.537,19.389,2021-02-12 21:20:58.820,,1.3,
124987,,32.9837,35.6077,20.336,2021-02-13 03:16:08.430,,0.8,
125003,,33.3233,35.7745,16.8033,2021-02-21 14:54:35.160,,2.4,
125004,,33.2732,35.4509,25.1708,2021-02-21 15:54:09.680,,1.5,
125010,,32.8743,35.5356,10.1036,2021-02-24 06:33:07.430,,1.8,
125021,,32.8758,35.5341,0.9343,2021-02-27 00:08:36.560,,1.4,
125022,,32.8799,35.5802,3.277,2021-02-27 06:44:54.340,,2.0,1.9
125023,,32.8508,35.6463,1.2552,2021-02-27 12:09:02.690,,1.3,
125025,,32.8443,35.5523,0.4485,2021-02-27 20:46:17.920,,0.7,
125029,,32.8075,35.6256,16.7337,2021-03-01 01:38:36.970,,1.7,
125031,,33.119,35.471,0.0595,2021-03-02 06:21:09.870,,1.3,
125032,,32.8916,35.5703,8.7903,2021-03-02 07:06:35.210,,1.3,
125033,,32.8551,35.5493,0.4306,2021-03-02 09:20:58.100,,1.7,
125035,,32.7184,35.411,2.0638,2021-03-02 14:54:53.270,,1.6,
125036,,32.7636,35.5377,4.3705,2021-03-02 19:35:03.480,,1.4,
125046,,33.1427,35.5989,22.2451,2021-03-05 23:54:42.620,,1.4,
125047,,33.0901,35.9092,8.6577,2021-03-06 09:30:58.440,,2.1,
125058,,33.1766,35.3831,10.1021,2021-03-10 17:40:18.480,,1.1,
125066,,32.8683,35.5373,0.0759,2021-03-13 03:06:17.840,,1.7,
125082,,32.8611,35.6409,21.643,2021-03-20 00:59:29.110,,1.6,
125086,,32.95,35.6202,19.9237,2021-03-21 01:50:28.880,,1.8,
125093,,32.893,35.5936,1.1881,2021-03-24 16:01:30.460,,1.3,
125095,,32.8192,35.6624,21.3961,2021-03-26 08:08:43.230,,1.5,
125096,,33.1037,35.6071,11.2207,2021-03-26 10:18:51.130,,1.7,
125100,,32.821,35.5753,0.0,2021-03-27 18:30:09.680,,1.3,
125107,,32.7966,35.6218,10.9869,2021-04-01 23:52:06.620,,1.8,
125111,,32.958,35.6056,12.6901,2021-04-05 18:42:32.430,,1.8,
125113,,32.8479,35.5712,3.3188,2021-04-06 00:34:01.450,,1.0,
125114,,32.8208,35.6035,6.0391,2021-04-06 04:00:21.370,,1.6,
125115,,33.0328,35.5525,17.1644,2021-04-06 05:49:48.470,,1.9,
125118,,32.8242,35.5946,9.0942,2021-04-06 23:31:17.560,,1.5,
125123,,33.3143,35.4868,0.3071,2021-04-07 09:15:31.410,,1.8,
125125,,33.2705,35.7017,2.5662,2021-04-07 22:03:13.900,,1.5,
125128,,32.8235,35.6116,4.2997,2021-04-09 15:12:48.540,,1.7,
125136,,32.9539,35.6287,21.7575,2021-04-13 19:54:43.200,,1.5,
125148,,33.0957,35.7369,10.1802,2021-04-17 09:56:36.300,,1.3,
125149,,33.1127,35.7741,17.4459,2021-04-17 09:57:48.240,,1.1,
125156,,33.2185,35.5886,10.5864,2021-04-19 23:11:37.210,,1.3,
125160,,32.9901,35.6099,27.1577,2021-04-22 19:05:04.880,,1.3,
125176,,33.3075,35.442,20.603,2021-05-01 04:25:49.670,,1.3,
125189,,32.8528,35.3871,0.0,2021-05-06 05:59:23.190,,2.1,
125195,,33.1933,35.4567,13.0524,2021-05-10 03:30:30.590,,1.2,
125203,,32.9496,35.6142,20.6853,2021-05-12 00:13:32.700,,0.7,
125205,,33.389,35.6772,4.2953,2021-05-12 05:33:44.990,,1.8,
125207,,32.9789,35.6942,21.3646,2021-05-14 04:46:48.790,,1.2,
125208,,33.1919,35.7608,0.0,2021-05-14 07:57:32.730,,1.8,
125210,,32.7311,35.4886,3.6055,2021-05-15 08:14:33.500,,1.9,
125211,,33.2239,35.4209,0.9942,2021-05-16 22:33:42.810,,1.3,
125212,,32.7828,35.6359,19.62,2021-05-17 15:28:45.290,,2.0,
125224,,32.8812,35.5713,0.9462,2021-05-25 13:19:29.470,,2.0,
125226,,32.8427,35.5775,0.4331,2021-05-25 22:58:30.590,,1.9,
125230,,32.9018,35.6392,0.0,2021-05-27 15:02:13.440,,1.8,
125231,,33.0373,35.5927,24.6207,2021-05-27 17:40:23.610,,1.7,
125235,,32.8295,35.5822,0.6793,2021-05-30 01:19:58.650,,1.2,
125236,,33.183,35.5972,21.1334,2021-05-30 20:33:55.620,,1.9,
125237,,33.2049,35.6109,13.562,2021-05-30 23:44:25.710,,1.4,
125249,,32.8415,35.6395,22.7963,2021-06-05 11:23:04.170,,1.4,
125252,,33.4044,35.4661,0.3939,2021-06-06 08:32:46.480,,2.1,
125272,,33.1169,35.5828,12.8421,2021-06-11 19:22:09.220,,2.5,
125277,,33.2796,35.7755,9.3396,2021-06-12 19:52:20.850,,1.6,
125279,,32.8783,35.59,5.6983,2021-06-14 16:31:48.980,,1.8,
125283,,33.2076,35.6014,15.6259,2021-06-17 00:15:25.320,,1.7,
125291,,33.413,35.3829,10.9343,2021-06-18 09:43:33.600,,1.8,
125294,,33.4216,35.6321,7.5382,2021-06-19 16:38:08.400,,2.3,
125295,,32.795,35.5956,12.7662,2021-06-20 11:11:04.590,,2.0,
125297,,32.8338,35.6322,1.6645,2021-06-21 00:59:19.800,,1.1,
125306,,32.8356,35.5896,17.7541,2021-06-25 06:31:37.510,,1.8,
125319,,32.9766,35.6372,14.5993,2021-07-02 13:28:07.260,,1.8,
125322,,33.1004,35.667,16.8688,2021-07-04 22:48:54.840,,1.3,
125323,,33.1591,35.596,21.1321,2021-07-05 03:14:54.270,,1.0,
125329,,32.8477,35.577,4.6734,2021-07-06 15:40:46.140,,0.6,
125354,,32.8251,35.5905,14.661,2021-07-21 00:04:36.330,,1.7,
125373,,32.8601,35.6396,21.0761,2021-08-01 23:57:44.490,,1.2,
125380,,33.0334,35.9073,8.9123,2021-08-08 20:43:01.790,,1.6,
125386,,33.1214,35.8008,7.5098,2021-08-10 19:13:21.870,,1.4,
125387,,32.9445,35.6309,19.7328,2021-08-10 19:23:20.500,,1.4,
125389,,32.9665,35.6201,20.8781,2021-08-13 22:32:45.870,,1.7,
125393,,32.9255,35.5804,18.645,2021-08-17 22:04:25.300,,1.5,
125394,,32.8224,35.5149,10.6131,2021-08-18 06:26:18.130,,1.6,
125424,,33.2527,35.7204,4.9493,2021-09-08 21:30:55.690,,1.2,
125425,,32.8513,35.575,6.3405,2021-09-09 03:10:43.570,,1.8,
125427,,32.8662,35.5656,0.0073,2021-09-09 20:59:53.870,,1.0,
125444,,32.7939,35.6445,7.7755,2021-09-16 04:39:12.600,,1.9,
125453,,32.8535,35.6129,9.5399,2021-09-20 19:17:28.700,,1.6,
125457,,32.8372,35.7053,1.9416,2021-09-23 20:34:23.810,,1.8,
125462,,32.803,35.53,13.2885,2021-09-24 22:07:57.560,,1.8,
125467,,32.861,35.5773,6.1457,2021-09-25 23:01:56.580,,2.5,
125471,,32.7691,35.541,23.789,2021-09-27 00:06:58.370,,1.7,
125476,,33.1793,35.6077,17.8607,2021-09-28 20:22:40.450,,1.9,
125477,,32.8695,35.7288,12.0385,2021-09-29 14:18:57.500,,2.0,
125478,,33.1074,35.6,4.9227,2021-09-30 09:00:52.580,,1.1,
125482,,32.8005,35.6147,13.4725,2021-09-30 20:21:40.860,,1.2,
125492,,32.8208,35.5787,0.0,2021-10-04 03:19:20.600,,1.4,
125497,,32.8147,35.602,12.1901,2021-10-06 03:18:44.510,,2.0,
125500,,32.8343,35.5896,8.5188,2021-10-06 21:23:18.620,,1.3,
125508,,33.1148,35.5871,10.2281,2021-10-10 14:05:15.230,,1.8,
125519,,32.9977,35.7552,20.278,2021-10-13 18:58:51.300,,1.8,
125520,,33.0986,35.4596,13.9929,2021-10-14 04:26:30.940,,2.0,
125521,,32.5868,35.6286,21.4874,2021-10-14 05:27:38.780,,2.1,
125527,,33.2436,35.3728,14.5311,2021-10-16 13:08:52.800,,1.1,
125530,,33.124,35.685,50.0,2021-10-17 13:08:21.460,,1.6,
125543,,33.0999,35.8414,39.3259,2021-10-20 14:01:00.530,,1.5,
125544,,32.8261,35.6673,36.5549,2021-10-20 15:06:48.210,,1.9,
125558,,32.8849,35.572,5.369,2021-10-24 19:19:49.640,,1.6,
125562,,33.1061,36.0206,11.025,2021-10-25 13:19:22.750,,1.5,
125564,,32.8387,35.5677,0.066,2021-10-25 23:57:19.410,,0.6,
125565,,32.8463,35.5626,0.8112,2021-10-25 23:59:25.380,,1.1,
125571,,33.1435,35.7492,10.1211,2021-10-27 14:35:05.330,,1.1,
125585,,33.1687,35.6017,0.4656,2021-10-31 07:10:39.160,,1.6,
125596,,33.3994,35.787,4.5897,2021-11-04 12:28:03.830,,1.9,
125602,,33.1351,35.3801,9.2111,2021-11-05 07:51:24.790,,1.8,
125606,,33.239,35.546,24.9705,2021-11-07 16:46:09.300,,1.2,
125612,,33.0831,35.7399,9.6375,2021-11-11 03:28:03.780,,1.0,
125623,,32.8613,35.4479,9.1685,2021-11-13 16:19:45.200,,1.1,
125638,,32.995,35.59,24.4538,2021-11-16 21:49:49.750,,1.1,
125640,,33.2083,35.7822,7.7818,2021-11-18 16:10:12.120,,1.4,
125642,,33.2989,35.6038,8.8724,2021-11-18 23:32:19.120,,1.3,
125643,,32.8575,35.5927,10.7218,2021-11-19 00:15:16.520,,1.6,
125646,,33.1291,35.5239,17.1892,2021-11-20 00:52:32.910,,1.0,
125652,,32.9383,35.6264,20.6378,2021-11-26 03:02:34.200,,1.3,
125677,,32.8755,35.6447,12.6008,2021-12-08 21:32:33.570,,1.5,
125684,,32.9362,35.6099,0.0,2021-12-11 23:16:32.250,,1.1,
125690,,32.9148,35.6312,18.3518,2021-12-13 14:40:58.600,,1.3,
125696,,33.0146,35.6178,18.2953,2021-12-16 02:50:49.540,,1.7,
125705,,32.811,35.6146,7.7017,2021-12-18 02:47:27.160,,1.3,
125706,,32.72,35.5993,19.5859,2021-12-18 18:26:24.140,,1.2,
125710,,32.9896,35.5647,23.0935,2021-12-20 05:35:29.590,,1.9,
125721,,32.8386,35.5842,6.2571,2021-12-25 23:43:33.300,,1.3,
125727,,32.7757,35.5596,15.6299,2021-12-28 00:57:13.170,,1.1,
125729,,32.7875,35.4011,3.8266,2021-12-29 03:13:22.330,,1.7,
125732,,32.91,35.5829,5.5016,2021-12-29 15:57:40.820,,1.6,
125733,,32.9419,35.6767,8.3645,2021-12-31 00:08:43.220,,0.9,
125737,,32.8892,35.5909,4.3332,2021-12-31 09:25:26.330,,1.8,
125738,,33.2459,35.4331,0.8946,2021-12-31 17:04:03.900,,1.1,
125762,,32.995,35.705,4.2601,2022-01-08 02:56:21.690,,1.2,
125765,,32.8318,35.7598,0.0,2022-01-08 23:25:13.380,,1.3,
125777,,32.7481,35.5013,7.4472,2022-01-14 02:58:50.310,,1.3,
125788,,33.3841,35.5034,10.6402,2022-01-17 08:33:58.280,,1.9,
125790,,32.6802,35.7154,14.7971,2022-01-17 19:37:19.640,,1.7,
125793,,33.1038,35.6498,16.1898,2022-01-20 18:31:17.120,,1.3,
125798,,32.6087,35.6238,11.0155,2022-01-22 18:42:55.120,,1.3,
125799,,32.6105,35.6177,6.5544,2022-01-22 19:16:43.390,,1.7,
125800,,32.6104,35.6258,7.2023,2022-01-22 21:03:40.450,,2.1,
125801,,32.6116,35.616,5.1693,2022-01-22 21:19:34.550,,1.6,
125802,,32.6101,35.5878,8.3297,2022-01-22 21:27:17.500,,1.5,
125803,,32.6101,35.5627,11.1492,2022-01-22 21:27:29.690,,1.4,
125804,,32.6139,35.6484,5.1282,2022-01-22 21:36:53.580,,3.8,
125805,,32.6094,35.6338,7.7972,2022-01-22 21:40:28.270,,2.1,
125806,,32.6129,35.6416,6.3836,2022-01-22 21:49:40.780,,1.4,
125807,,32.6147,35.6369,7.4317,2022-01-22 21:54:56.990,,2.3,
125808,,32.6255,35.6162,7.7514,2022-01-22 22:09:57.530,,3.0,
125810,,32.8368,35.5848,6.531,2022-01-22 22:19:28.590,,1.9,
125811,,32.6085,35.6151,5.4775,2022-01-22 22:41:40.440,,2.5,
125812,,32.6085,35.6218,5.9103,2022-01-22 22:57:03.310,,2.6,
125813,,32.6107,35.6116,5.2767,2022-01-22 23:08:50.340,,1.9,
125814,,32.9212,35.6207,20.1628,2022-01-22 23:13:45.580,,1.5,
125815,,32.6239,35.6205,3.2517,2022-01-23 01:10:05.860,,2.1,
125816,,32.6054,35.5931,0.0,2022-01-23 01:14:19.790,,2.0,
125817,,32.6188,35.6288,17.8789,2022-01-23 02:03:45.540,,2.0,
125818,,32.6076,35.5938,2.9575,2022-01-23 02:07:27.400,,2.4,
125819,,32.6212,35.5865,6.3451,2022-01-23 03:02:29.310,,1.6,
125820,,32.6193,35.614,8.0474,2022-01-23 04:09:39.370,,2.2,
125821,,32.6199,35.6192,6.7283,2022-01-23 10:28:06.440,,3.6,
125822,,32.6222,35.5953,5.565,2022-01-23 10:32:37.490,,2.2,
125823,,32.6184,35.6119,4.9413,2022-01-23 11:10:12.920,,2.5,
125824,,32.6118,35.6266,5.2577,2022-01-23 11:25:42.690,,2.2,
125825,,32.6119,35.4466,10.9094,2022-01-23 11:32:26.310,,1.7,
125826,,32.6125,35.6129,7.8833,2022-01-23 20:53:15.430,,1.9,
